Id,Predicted
1,-0.05041157659634503
2,-0.4859357235872988
3,-4584.968210000006
4,1.2316573676761573
5,0.9946237646503485
6,-0.06620020406183241
7,3.86994797474759
8,-0.11666185049298743
9,3812.4750255414483
10,-1.2522242931624414
11,-0.19966203129408866
12,-13.022651586767179
13,-1421.748900000001
14,1.180448841897798
15,-7231.51996000001
16,0.6398382521459246
17,-336.9595800000001
18,-0.6350721214850744
19,-2847.8594199999984
20,-9019.59923
21,-3597.696879999997
22,-7654.222950000012
23,-17.748361004636724
24,-0.7461841718292875
25,-0.3656048369930821
26,1.3799344492897978
27,1.1879845282555812
28,0.3633744994680848
29,-2486.7256700000003
30,0.059037825251786934
31,-25095.60242
32,0.6889734996589199
33,0.9351982927951213
34,-0.312916340163933
35,-0.6753938484450778
36,0.6320771301148558
37,0.6064828521907479
38,-130.2460156083767
39,-40.915547878903205
40,-2007.6162699999998
41,14.596399367363013
42,-7431.442439999991
43,0.1387419973049356
44,-1961.603009999999
45,1.7257406920766143
46,-6563.721809999982
47,0.8807209040013325
48,-7395.459020000021
49,-0.48776147140930287
50,-6290.1738099999875
51,0.0322419574805918
52,0.5499536051052679
53,0.596192788220421
54,-0.6011079451110873
55,-0.6822996045110935
56,-8600.736429999992
57,226.22822603093772
58,0.7636462288084627
59,0.6459788813468971
60,-0.4926170852496437
61,-8408.688479999999
62,-148.79393522552638
63,-0.6950521567299297
64,-2084.6924499999955
65,2530.2419000000004
66,1.5888960266981706
67,0.05445329625066129
68,0.30114287236008225
69,6.3649919401550195
70,-29001.126439999978
71,-7493.85493000001
72,-0.4541585053912313
73,1.063588893117475
74,5.606453259469707
75,-1.778211225362013
76,-0.6286110938731235
77,-0.73973605804529
78,588.2306653350623
79,1.8079721644555766
80,-0.4226545720749002
81,-1.9519309829876947
82,3.9017707493236955
83,0.19068796181533001
84,0.49316865037344915
85,0.42332490185557387
86,-23447.310720000074
87,11.766499338973967
88,-0.5520126016872609
89,-1.703776004098826
90,23.016988686748547
91,1363.5046600233843
92,-24933.416572599235
93,-0.2981000902906199
94,-5189.292091171719
95,0.3390110333631336
96,-0.2555835535899773
97,-1113.657490000001
98,0.6358421218309699
99,0.9627050421097215
100,-0.4197773683314717
101,0.5133994186946073
102,-555.0328699999992
103,-0.6369607022290601
104,0.8162299293289917
105,0.001248821943415087
106,0.9078578036967359
107,-10806.248540000006
108,-0.2086091552454441
109,1.3298446400106037
110,-1563.8350100000007
111,-1.4192726876791202
112,-44.33439849363481
113,-0.3352916653734234
114,-0.05568396900558723
115,7.580732722819778
116,-0.8147895057116037
117,-0.19955859697187367
118,-0.3044485524200354
119,-4967.914519999996
120,-1.0833562975029492
121,-4636.997330000004
122,-22177.897300000033
123,0.39706373878011725
124,-9251.954909999991
125,0.3104726904284643
126,-0.6499494038712879
127,-1237.5925000000002
128,-8849.4525
129,-2753.0425600000026
130,0.4707581862158279
131,-12464.724249999988
132,2093.7657540715472
133,-2352.9452499999957
134,1157.9179900000001
135,-945.751250000001
136,-8511.978549999993
137,-4.205107891397318
138,41.08526601164005
139,-8384.459470000002
140,0.34224383092967614
141,-4.571573853639676
142,-1280.3169600000015
143,-0.15447496551166964
144,-1457.1772358843664
145,-0.42426800822826544
146,0.8065306404575524
147,-7286.981080000002
148,-1828.9573400000031
149,0.3417970737801329
150,-21075.21017000004
151,3659.3146174008016
152,1.2879153528424296
153,1.3778148822662448
154,-1107.3655199999992
155,-1.0778433138598549
156,-1.5790688663648504
157,-14101.421590000004
158,814.3651199490466
159,-0.42586056315696247
160,-1.8650147083972008
161,-2338.4265296749504
162,-7911.129629999985
163,0.08690046654490512
164,1.8186855295674982
165,-11638.449359999993
166,0.21405110739922617
167,10.34230250405717
168,478.5438399999999
169,-0.3249844604075814
170,0.44162969231349974
171,2.21644845036495
172,0.02630226531043653
173,-4818.672729999998
174,-0.7163435047998965
175,0.1838863364492089
176,-0.5518283201357637
177,6.864196559707928
178,-5248.190979999993
179,-1.472378950422315
180,-1961.136929999996
181,-0.7027731206338235
182,0.2841741366108903
183,0.30335750631847563
184,0.30433540766551387
185,2.6842163721001673
186,-169.24141000000003
187,0.20384177744574217
188,49.21030818283655
189,0.6731969386464526
190,1.180276871471392
191,-7136.947230000005
192,-0.2509524440156831
193,-2008.0119999999947
194,-0.3182639290443742
195,-574.4071299999997
196,-4942.777199999998
197,-0.08888092733818911
198,-0.4907083312562717
199,-3462.636689999999
200,-2023.4807399999945
201,-0.27019755797265976
202,0.1498106055209495
203,-34626.487100000006
204,0.31153226810968315
205,-10000.408030000008
206,-1.4609502052219634
207,3.9415499460304306
208,5.422613132323346
209,-0.49071981373092977
210,-0.2056673332970795
211,0.9516862712633468
212,-0.024285306922945067
213,-26343.122309999988
214,-7572.830039999992
215,39.775366209434836
216,-1.4765163691509435
217,1.6343052829980556
218,-0.90630038649857
219,0.7529559239044672
220,-0.13324940349389552
221,-0.4463851736055764
222,-13586.006720000007
223,-28604.469309999993
224,88.12047936231988
225,15.926700849443629
226,0.6408860261387112
227,-0.406776456211441
228,1062.9663943735
229,-0.5121043926022925
230,1.1156530652144243
231,0.4317989218434502
232,-4254.802220000011
233,-0.5680435974904656
234,1.1052573190058324
235,-4090.6269199999874
236,-9860.114139999992
237,0.16042671077360032
238,-4476.205839999991
239,1.7149790304339312
240,-0.9982911234705403
241,-0.2321237847742212
242,-3378.973579999992
243,-16645.13571000007
244,-1091.1708200000003
245,-0.3946631834081218
246,1.0816160307249134
247,0.6430764993040088
248,59.14426999999999
249,-0.7014142685586096
250,-642.8191310853254
251,-358.6192924964787
252,20.138726116433048
253,-4734.727800000006
254,-2024.842199999999
255,-0.9212788652200827
256,-7915.441110000008
257,1.1640209860998763
258,1.3946557483421276
259,0.9010988242665608
260,0.18707755587944586
261,-4011.9034800000036
262,0.04012507085274597
263,1.456266828247354
264,-0.9023660394969741
265,-9829.40874999998
266,-8336.799679999995
267,-9711.167429999992
268,0.23934398449992697
269,13.098424730340486
270,-9262.523299999979
271,-0.5136655999916135
272,-44.49713999999968
273,1063.6227930273578
274,10.48620819129729
275,-0.4373975301261151
276,-6075.027970000005
277,-0.04332826022410063
278,0.5760692408111826
279,-0.31841920238035865
280,1801.1188399999958
281,151.42403067182545
282,-7649.373430000013
283,14.8999074396888
284,-4771.601219999996
285,-8627.702159999993
286,-4082.3438600000077
287,0.6781997373643208
288,2.5992920971244593
289,0.09599286702671182
290,0.007172651404327549
291,-0.9557733139953788
292,-2.8498019778384154
293,0.030858639416392445
294,0.5303955228310382
295,0.26675030019075585
296,14.097137827636121
297,0.460701733734951
298,-0.6734016105840948
299,0.182928162256307
300,11.24420286303334
301,-0.1234354665745009
302,-1.9934362168741273
303,-0.17867854781430592
304,-13256.023150000003
305,0.29817316747080586
306,0.6721664662661465
307,-6812.448930000003
308,-1.3418724998943314
309,-0.7872771380200848
310,-0.8391186392570342
311,0.8409163211130881
312,-0.45557507776571726
313,-7099.9785900000015
314,-0.427896237964651
315,0.026600386623924905
316,-2.4154992556857646
317,-0.5202820342004973
318,22.01685027188128
319,-0.9036934099575044
320,-1.531209757433204
321,-0.9870250294157659
322,6.167479754383459
323,27.110638715262013
324,-1956.2173244097987
325,430.6425708070477
326,0.6026479651704096
327,7.80216706168953
328,-1882.7341799999936
329,-1.167114383282322
330,-18497.112160000015
331,-11523.33299000001
332,0.004341877036294416
333,-3.192250323721166
334,-0.6179476653550767
335,-1.537586746349008
336,-7588.6468300000015
337,-0.21348506906760642
338,-3.923628033842163
339,-10364.082140000015
340,-0.5147892258850351
341,-4906.540210000006
342,-667.7796600000001
343,740.3749299999998
344,-11.88205330936253
345,0.5227876102633522
346,-5389.997955318474
347,0.726899084065265
348,0.8938296442385147
349,-5329.879500000006
350,-2.0629158194136243
351,0.5879499260885859
352,0.1526476194841423
353,-0.41006509354922327
354,4.434702965079204
355,-701.7215800000006
356,-2982.8341800000076
357,0.46124602881484805
358,0.15851952139416614
359,0.7352135107263374
360,1.540309015261996
361,-1687.3936599999997
362,0.31463916472638015
363,0.04360343019428127
364,-1.9302041452966476
365,-1655.407079999999
366,-9396.599419999973
367,16.059737083000453
368,-6719.328310000009
369,-0.40988591415791653
370,-0.8587706151175499
371,-1.6009289779064055
372,-4.852399657657022
373,0.10775149906475363
374,-6767.844839999996
375,1.16807756327382
376,-0.5742038085680142
377,-1.8267555576382783
378,-3766.765450000004
379,-5864.680529999997
380,-3.084438237375811
381,0.03316531838406012
382,-0.061872676419722675
383,-83.01923999999998
384,-10.95244803481258
385,-0.7588884517380872
386,-7175.2992
387,-4686.0753099999965
388,0.37407945969187073
389,0.4494394091239314
390,-8.310014089062303
391,-0.8803687220247548
392,-4476.491080000001
393,0.3899795673511101
394,-14727.42832999996
395,-7415.972790000012
396,-0.27984478399104945
397,123.50053349095685
398,0.6637391484276884
399,-3720.5291999999886
400,0.32380360872592384
401,-9.341454682725443
402,-0.040453165345521944
403,-0.9896976782989136
404,-0.010378936657584084
405,-0.7156205881378023
406,0.36879357141995184
407,1.742542703620395
408,-0.11319083587931955
409,4.351060865194414
410,0.4599743461972034
411,0.31994644846187115
412,0.43673187040475586
413,-0.30559216034811504
414,-6672.771649999996
415,-2.1405683989725186
416,1.0073433412678046
417,6.1844249164544935
418,0.07570374544180092
419,0.050868242676794295
420,1.5501309032892074
421,-1.585650364288086
422,-6.213343479072995
423,-2200.381939999998
424,0.352625247654609
425,-0.33804381789056165
426,0.5228029805324873
427,0.6944663684573988
428,3.639057280009188
429,25.377730589634673
430,1.8435510143721168
431,36.66593463549207
432,-0.5278000207228275
433,0.46108820433243164
434,0.22306459995812639
435,-2948.050910000009
436,-6651.229539999996
437,-1.0230292013847955
438,0.0564452844682243
439,-19693.742320000012
440,-314.0484699999999
441,-0.20248383387352387
442,-0.0826073290805213
443,1.088847623873902
444,0.054035357634169424
445,-6888.569320000004
446,0.3776803752440432
447,0.4747221067742985
448,-0.4453405412653514
449,0.16231859139378255
450,2.631371859461262
451,-969.7045962419802
452,0.8640491531943328
453,-1352.072480000002
454,-3.3065346126999096
455,-1.1452135369759524
456,-1986.3083399999955
457,1.7364539708115563
458,-6.890350383837414
459,-0.042467645680094375
460,-3858.73067
461,0.3369143991830329
462,2.1375177634320486
463,-4098.190049999992
464,-13015.754889999991
465,92.76357922802269
466,51.975377898652816
467,-0.40026311191996444
468,0.22720304039104297
469,-11028.47155000001
470,3.765424625637575
471,-0.349770188381822
472,-0.2685074313912308
473,-8969.520060000008
474,0.6450874005947422
475,-383.8780800000003
476,0.2451333956286964
477,0.5654631468579165
478,0.7465257611854695
479,13.090632515027051
480,0.2865614360001644
481,-0.02097409622449245
482,-11838.832599999985
483,-0.23202104844707702
484,0.5352906769777123
485,-5299.220379999997
486,0.7919778343619981
487,0.7300816073621708
488,14.864321220870625
489,0.4846099162399977
490,1.1820185764294995
491,0.4613471509026596
492,-0.2872865812135724
493,-7229.566829999989
494,-5274.267569999994
495,-12343.078419999987
496,-939.6815199999994
497,-0.02002800019801419
498,0.864728856193424
499,-2.440764712888711
500,1.1700943616551822
501,-10604.410119999982
502,-7287.714140000006
503,0.3417535177846913
504,796.2450381984863
505,-3.408642774386714
506,-10078.173680000002
507,-0.8717382139316932
508,92.22478694207751
509,1.1264239603170538
510,0.062146404532266816
511,1.7969921737005596
512,-14254.025909999988
513,-1.2677987993228717
514,0.7019125357670369
515,-0.1743936305709445
516,-0.6944418992902915
517,1.1070576562698224
518,-1.0725328320753742
519,0.13786881094556122
520,0.10725657349075053
521,32.098696579499126
522,41.22558601436779
523,-0.48168298393227904
524,-4821.954159999994
525,-9.075900651374553
526,13.750266447489926
527,-0.27597297976350793
528,64.58038762736442
529,0.64748735394821
530,-0.4504398822759007
531,1.1570051196624949
532,-2325.8104799999996
533,-1.2295183018309388
534,0.22862963110780168
535,-1.2098357779395197
536,501.9574271769943
537,-1.4884747583831848
538,-34485.85965000003
539,-3881.1881699999944
540,1.4887717329014214
541,-4568.632159999996
542,-159.86938999999975
543,-0.24659192579177217
544,-12.691003259684768
545,-0.40035434614780596
546,0.3128674894478066
547,-2177.4552000000017
548,19.863730606598974
549,1682.9025934483207
550,-0.9697728557262698
551,-0.7949179890403272
552,0.0911819370133658
553,-2.648958838304516
554,-0.23529369378847353
555,-1.3633621166582175
556,-3436.981810000004
557,-0.532154535549052
558,-1.236458848951536
559,0.23442318155289832
560,-0.6633503152644894
561,-2.145665336821412
562,-322.4607200000001
563,1096.3597612875021
564,-5604.699920000005
565,-14659.406440000013
566,-6548.554909999992
567,1.976555051240218
568,-0.4214171788235557
569,-0.5208297599494262
570,0.6375493996098196
571,-5094.036349999997
572,-79.74278463589206
573,-12352.608539999963
574,-0.1517496415087887
575,5871.644444798737
576,1.1483798719589307
577,-0.03451179185715228
578,-18161.874389999983
579,-0.20301719548235753
580,0.20523140193651154
581,-2.060294334653707
582,-1037.7398
583,19.56743682643437
584,-7875.453609999999
585,-4320.369529999995
586,-4382.7985599999965
587,-0.38230212343194325
588,1.2002264566417937
589,-0.2152430773896294
590,-3.363489382725437
591,-11696.818689999998
592,-0.5771373159363561
593,-0.8514922535680547
594,-4196.1791706516005
595,-1.631036235011224
596,-4841.601869999995
597,1258.0754900000015
598,1.8231209193336462
599,444.0094499999995
600,-11064.744089999993
601,-1.202673232044724
602,-14.26436409838222
603,1.0209546965461098
604,-0.9015633406882173
605,0.5444990852924906
606,8.604011212822678
607,9.297717163151367
608,0.6219366095088998
609,1.1938143541713915
610,0.7956694637234559
611,-2.166701604099528
612,0.7315051652400341
613,-749.5932300000002
614,10.706929384895869
615,-1.4534952728637347
616,-5927.173859999995
617,-0.02967173980278691
618,-6923.232610000014
619,-18628.83301999997
620,-1124.9363837316687
621,1.2458860587422727
622,13.48991387984611
623,-2.810063782321232
624,25.4623341040177
625,0.3052075948078049
626,880.0186399999999
627,1581.4324327101053
628,0.8736358246072595
629,-5216.449309999995
630,-4649.808410000008
631,-0.3990862301931417
632,0.29663684524860157
633,4.339034715994664
634,0.2891854932911253
635,0.1471238602407181
636,-9914.279709999983
637,-1.894288626924493
638,-7670.885819999993
639,429.9124100000003
640,0.6460899884535033
641,-22383.66338
642,-15269.97550000003
643,3.9231215388509932
644,0.40472903418067324
645,0.4824384172945547
646,0.2969684958701771
647,0.8611556969313728
648,0.7487798749529839
649,-6.499813936328352
650,-0.21659738357706368
651,-1.7880898044400109
652,-0.28033180275652414
653,0.6286666722927473
654,-6268.73475999998
655,-12823.519299999994
656,-30814.71917999998
657,-21.93602597121293
658,0.352619113609704
659,-0.6793206549324671
660,1.5129087460285613
661,-1.6784410411567572
662,0.8960003965512396
663,809.2045199999998
664,-0.31578865665284006
665,-6539.008430000004
666,3.988241758878185
667,4.366783904810374
668,-0.4486763422492443
669,-5324.57958999999
670,-8741.480949999985
671,-11535.738179999998
672,0.9264506671872341
673,2.8907889896344003
674,-3416.6599000000033
675,-0.7474746212306318
676,0.01037659900863247
677,-0.40712690040341376
678,-7147.015159999994
679,-0.3871796518889523
680,0.16876544087777784
681,1.0527676172144746
682,0.7733906791372884
683,-0.2382947544865474
684,-10601.080610000014
685,-7225.310980000002
686,3.486712737480961
687,-0.1682627121786438
688,-1.8362428947580534
689,-0.4856455336970597
690,-0.4591458872921436
691,0.6775628139590634
692,-273.3907176800892
693,-30688.736839999932
694,-19822.149180000004
695,-14883.660799999978
696,304.0093959926621
697,0.17699143063205913
698,-0.2867190291942115
699,-0.7049671679835013
700,-0.46395261246543495
701,6.004907278571622
702,1.9070166719543127
703,-0.007643043676787607
704,1.064646756665772
705,17.353392813685925
706,-2724.2398799999955
707,-3121.478400000001
708,-0.40132331492335194
709,14.6320856710342
710,-19384.250990000008
711,0.5310940936385503
712,-18354.583820000003
713,-0.12514949706819906
714,0.8674267072248673
715,-0.5086919599543982
716,-0.059886322831537914
717,-31.053002139622414
718,1.3815825727164879
719,-3184.4045799999994
720,1.1093368729097401
721,-94.77906108626784
722,2.0288276955616458
723,0.6765360415518454
724,0.9794304603041066
725,-0.6033353219012916
726,-11732.790080000019
727,0.4005170621005457
728,0.30910979095538543
729,0.5754012981131383
730,2.9319926083820365
731,1.1826265904569229
732,3.850239322153701
733,-0.67233806606557045
734,2.7271384535506327
735,1.3024893601216465
736,-14615.477009999999
737,0.2315702121896573
738,0.18886940369968397
739,19.566574056842082
740,0.5937323964213721
741,-0.7540044133413353
742,-0.08009109436806025
743,-14792.23706000002
744,-1.0504132120422314
745,0.4808358627139596
746,5.512240827802073
747,-6241.58984000001
748,102.38188144378651
749,0.8860176183324443
750,0.825163736099528
751,-0.006480937113974061
752,-6987.673260000015
753,-1819.368110000002
754,-2.0558856220813597
755,0.4677537095028708
756,-0.6128036681247968
757,675.6012095007595
758,0.503983303578279
759,0.6513717750570737
760,3.3942609470903315
761,-0.7013155472493622
762,-0.42966922326624596
763,1.22194550580556
764,0.7862382601269506
765,0.038909777475848034
766,-0.5848750836990728
767,0.17291663117622846
768,-0.3982182848517047
769,-8836.474749999985
770,0.6447462285902505
771,-1.0062342984010395
772,-11803.714190000017
773,0.9930460500114703
774,-1469.96015
775,-7895.305829999997
776,6.523369253343717
777,-5061.328269999999
778,33.100220659626494
779,-1.1431748076280919
780,-0.7885474401109913
781,-1.7270596504395146
782,-0.05188938476686243
783,-0.7609545103158615
784,-0.8707222441797361
785,238.72358000000014
786,1.0794396044185839
787,0.739652199641531
788,-5.466641592006433
789,-0.4866290293891882
790,0.7376877742212669
791,-17043.17051000005
792,-235.18197445883575
793,-11.00234688739648
794,0.6170839765790808
795,1.3351561336915942
796,-9687.988280000014
797,-7231.916049999998
798,-0.11828475897561605
799,672.5726819561179
800,1.3390231349924493
801,-5962.936719999996
802,1.047904325824191
803,26.53268999999997
804,1.488006635836371
805,-0.5225709345916602
806,-18667.25333706415
807,1.0720376107301908
808,0.268154525011621
809,-0.7493609648474426
810,1.269682874527602
811,-8859.966450000009
812,0.6537333506124402
813,0.6984387603291448
814,-21054.91385000004
815,1174.5690047544779
816,-2603.138980000001
817,-0.14527060678232048
818,-0.07834805038247483
819,-18524.67863999999
820,1.0286805065588693
821,0.5203355548837776
822,-21000.056100000023
823,0.17694129433395442
824,134.25216623235204
825,26.686173996136755
826,-34054.04666688635
827,-0.365214279275479
828,0.9304967766222303
829,-0.39671587314631845
830,-0.02185673564892832
831,-407.1493861067676
832,-0.007372053137760435
833,-0.3038156213270099
834,0.12664279115170268
835,-1.5371281482546886
836,-0.35340741948738946
837,2662.4071922940734
838,5.084626033201775
839,-13295.011559999995
840,1.1928298596656866
841,1.9858467885454503
842,0.7507350095694508
843,1.972247410481265
844,0.25489691619138816
845,0.6251236543771227
846,-2323.456909999998
847,-1.0371213482206474
848,-10.858517364770933
849,-0.7208515739813842
850,-17.534216941335917
851,-0.4779338055443448
852,-0.363774654995263
853,0.5331482577052608
854,-1.1220999084920988
855,-18767.70908999998
856,-2793.219670000003
857,-549.4236900000002
858,-10593.574639999993
859,0.6797242690850175
860,-7078.120160000008
861,0.8053509286800863
862,0.6502871781741166
863,-0.6321903391816834
864,-0.026883771141474305
865,-0.9107446913986779
866,-7770.045430000015
867,2.323869142776884
868,1.223241893605353
869,-0.05216913743645637
870,-530.593803664597
871,1.195062673423013
872,38.02118740023054
873,0.3468819746821001
874,0.05763279246111779
875,1.3130454999164909
876,12.679629791940576
877,0.09181054959192346
878,-0.48936674829148114
879,1.2751788947706062
880,1.1025897805423697
881,2.602642916348851
882,-0.60548676634203
883,-2436.165070000001
884,-9684.83686000001
885,-2846.9296900000004
886,1152.2166213690066
887,-12061.915439999973
888,-391.5266427265149
889,-37.62990160830725
890,1.5266450642732192
891,1.2252391113332741
892,-6019.371709999995
893,-3.858170600457938
894,-6753.665690000009
895,0.1952216383535005
896,0.08714424331630946
897,0.5581978574553973
898,-3624.6226799999945
899,0.4403058716025932
900,-4466.513949999997
901,-4227.878950000005
902,-0.27671465949942325
903,-0.008762492792540879
904,-1.2295840104785196
905,0.29154125259234054
906,18.28003335793174
907,-1.0202858229463878
908,-2448.126839999997
909,0.3357578431608703
910,0.20460951447100303
911,0.2800851942454101
912,-8193.82401
913,0.17280092167588793
914,-1.0540227693454263
915,0.16807725542042243
916,-2872.7956199999962
917,0.8658702029686989
918,3.996966679130084
919,-0.8430213585523219
920,-17162.371489999994
921,390.80073854185486
922,-1.1847058221894562
923,-7869.142440000002
924,-4.205906289081623
925,-1.3893289558637587
926,0.6946820282660345
927,1483.7157029304726
928,-7193.314990000001
929,0.1799446138898902
930,-3586.441760000004
931,-15911.43072636082
932,0.2384688808933216
933,20.86137788237938
934,-22525.365320000063
935,-6600.95896
936,-3405.898259999997
937,-6510.9577800000025
938,-0.05834127771239801
939,0.4984680807549149
940,-7749.203959999996
941,19.77950654931541
942,-10030.090049999988
943,-7219.237050000021
944,-1.0091744577357826
945,46.09499235671804
946,0.7367938390247281
947,-2844.989029999995
948,0.5012666821689876
949,-15212.47468000001
950,-0.046443167657320546
951,0.218361996707861
952,23.858677284012284
953,-0.515356206684312
954,-16589.739540000035
955,-0.1515210554487404
956,0.38262346048028145
957,0.19157840981624008
958,-0.7379045155546595
959,0.7766006998176749
960,0.37887883370417985
961,0.6695878037845546
962,-0.11918284133689828
963,-0.3689551063337671
964,-0.5930855004050511
965,-0.2086817201639954
966,-0.36823720736975024
967,463.7890000000005
968,0.3242984340562329
969,-19708.958539999985
970,-2.6710277751612934
971,-0.046562577177563465
972,-0.5086521808504367
973,4.399604087468525
974,-0.5461576099271159
975,-1966.980889999998
976,0.02230803113543957
977,1.7862701597913166
978,0.2537014928230585
979,-20575.08373000001
980,-4482.467739999994
981,-0.6511140372356622
982,-5147.175209999993
983,1.8372185909470162
984,0.20045044746580704
985,-0.17655494258979357
986,-0.24850998868639457
987,-12117.287239999956
988,-427.4535399999995
989,-0.8990408809980378
990,1.2528966230441005
991,0.5439343751924034
992,-18643.30446999994
993,-0.27723804088812953
994,-1.7338939910357427
995,-0.352254003463246
996,-1.3199415327654265
997,0.7643722317244374
998,-0.08408558689296554
999,-0.42038318094851734
1000,0.8391416833930033
1001,0.4409877197419456
1002,-5650.324969999993
1003,5211.5033465187025
1004,-0.8527107326402171
1005,-2.725024979789399
1006,-0.5966242147440627
1007,0.42277718463792324
1008,-2540.0225499999997
1009,-0.4581036192004359
1010,0.4510473476004914
1011,-0.5042292295117206
1012,16.12234221489379
1013,0.5777544215631505
1014,-6004.285299999984
1015,-0.5549978817020887
1016,0.2863557442324145
1017,-1.2247462166143739
1018,0.049529296136783856
1019,-0.20699441736093768
1020,-0.23030473031541
1021,2.093599140566745
1022,0.20401842489990885
1023,-0.485238448920953
1024,1.8615054043866033
1025,-0.0943608464258775
1026,-0.8198488377748488
1027,-1.1365539481182874
1028,-0.7101279968750418
1029,206.10540670190343
1030,-0.8740033220940788
1031,-0.5343374693979046
1032,-13.595826165536941
1033,-21308.574660000028
1034,-0.5743836796827602
1035,1095.419518604878
1036,0.13884822914146436
1037,0.540595255249878
1038,-0.024568119434393985
1039,-13268.172819999992
1040,0.944204275060381
1041,-17548.98087999999
1042,0.5008509778440127
1043,0.04713132855563815
1044,-15284.768050000022
1045,686.89805
1046,-2.958178574022192
1047,-7549.19378
1048,-0.6538144832251721
1049,0.5735690079197329
1050,0.060030192044520946
1051,28.397859285748215
1052,-9827.93237999999
1053,0.5296295645840655
1054,-0.11745213991585123
1055,0.7200830867619433
1056,0.9614757986274929
1057,3.3791545080736736
1058,-1375.7890100000016
1059,-0.739534631315657
1060,-0.0420879957479589
1061,0.3419552235219954
1062,574.5207182996602
1063,-2619.0472899999995
1064,1.0608796516425445
1065,-0.9441451387424243
1066,-0.9699107887095365
1067,-2980.7789599999996
1068,0.5699441900005618
1069,-0.20477174893096178
1070,14.972414013919934
1071,72.00464557161737
1072,-0.721793560639674
1073,-5.296302089368713
1074,-5407.301349999989
1075,-2.230325270126917
1076,-0.7851157279972084
1077,-9671.148049999983
1078,11.429833952048716
1079,-0.17971852298793728
1080,-742.2996800000006
1081,-0.0727799293396369
1082,21.64962598820197
1083,0.3256241718096095
1084,0.8785353768141347
1085,0.46632979465145064
1086,-10966.203679999984
1087,-0.5196960207179115
1088,1.068564903943144
1089,1.1699490791583125
1090,-1891.810100000001
1091,-0.3599665084175901
1092,866.5462441519919
1093,-5.220206580840363
1094,299.58978622775896
1095,0.1561219649751165
1096,13.97292448376477
1097,0.4503758060344239
1098,360.02452000000005
1099,0.22056675734376602
1100,-0.9345757413235248
1101,-0.053035819135994554
1102,0.021160920001897864
1103,-14778.012150000013
1104,-0.8121998896655204
1105,0.5081294308564798
1106,-11125.966269999975
1107,-4320.129810000003
1108,-7.874961838498244
1109,0.6215558283435817
1110,0.22285555003619992
1111,-0.48029549438625835
1112,-5588.453019999993
1113,-9024.57112000001
1114,-4068.316000000004
1115,0.48477517843763024
1116,-0.92450492298697
1117,-0.48492205731194477
1118,-13.605263989296587
1119,-906.351289633322
1120,16.60637025051864
1121,-18104.29069
1122,-0.17441777152709523
1123,1.1639912376517927
1124,-4945.323830000002
1125,-2547.135989999996
1126,-0.14219615017117218
1127,-0.06257094527590158
1128,-7307.276060000002
1129,-0.11701823253697788
1130,-5.137988128901766
1131,-0.7265865489487523
1132,29.198007412775038
1133,-0.7379946049276859
1134,0.19138671398313212
1135,-0.788259643363331
1136,4.316211050271945
1137,-0.5101959487313805
1138,-11408.512500000012
1139,-5957.9870599999995
1140,-2850.5505299999945
1141,0.05615272854250733
1142,-3068.358930000005
1143,118.05528151168573
1144,-0.36778995023861855
1145,-0.5878330123792722
1146,0.43510127701127815
1147,1.0530574892120241
1148,0.3886904794796908
1149,-0.17424643537105516
1150,-0.7831467696519302
1151,-847.0389899999996
1152,-7.4682034355515245
1153,-0.9949135270046663
1154,0.0070545201868252696
1155,1753.704180473461
1156,-0.3134041765287661
1157,1.3853637160017829
1158,0.07194305677853073
1159,-0.19406791104479265
1160,-0.08202520401652551
1161,-10823.052999999998
1162,-3226.1796300000015
1163,-1.0131152465178168
1164,-0.48074938916599186
1165,-0.5749246604327604
1166,-2363.759229999997
1167,0.36980034871088485
1168,-0.15545600545811716
1169,-4148.735269999986
1170,-0.6495459138133055
1171,-0.11213433373253358
1172,-5521.173750000005
1173,22.754090876108055
1174,1398.4848908681424
1175,-4.211723389827154
1176,-1.177900182786394
1177,-23566.452660000014
1178,-6349.929209999989
1179,-14828.438370000025
1180,-4194.45072000001
1181,493.80532
1182,-0.8577897137028416
1183,-3072.2425900000057
1184,-1.520928425969204
1185,-4830.101610000001
1186,-11.049983009288487
1187,8.282823690085012
1188,-14077.066019999995
1189,1.3285891933516376
1190,17.668528724124535
1191,-7058.7602400000205
1192,-0.39229120373676096
1193,1.1403371831089029
1194,1.501231343755368
1195,0.4844063976617524
1196,-4499.726260000001
1197,0.017925395206134818
1198,-0.9904207324491412
1199,-2972.738359999998
1200,-1319.31203
1201,0.14225033517414062
1202,-413.46389000000033
1203,0.5201822931960748
1204,-5549.169200000006
1205,0.5186501502721319
1206,104.65775999999994
1207,0.8073664305253102
1208,0.8123477925260195
1209,0.4703299439800656
1210,0.2394220125824288
1211,-2551.972900000002
1212,-0.055987519860548944
1213,0.392024871439742
1214,6.169133486150276
1215,2.1565734349313392
1216,-18023.220679999973
1217,-2074.025709999997
1218,-603.3119900000006
1219,-0.7117727147400679
1220,0.8692059726788602
1221,-0.1737856385773635
1222,-463.43986988510153
1223,6.697139999999933
1224,-3459.991000000005
1225,7.2313335029918875
1226,-10677.648829999991
1227,2.5911626171449584
1228,-16910.313180000016
1229,-498.54626585624504
1230,726.0598600000005
1231,96.16371094339193
1232,17.815441134481098
1233,509.81470424402767
1234,-3156.9622600000034
1235,-0.007188878612767102
1236,0.4911143058709668
1237,0.1449982298072186
1238,0.5642462668357517
1239,0.6315631664666879
1240,307.5813399999998
1241,16.421552623511065
1242,0.5517238753944176
1243,-0.7172220598255804
1244,1.15045175606905
1245,0.5369878811724432
1246,-3.420333130440067
1247,-0.2581814426246265
1248,0.47840837917616397
1249,1.0660739614185963
1250,-2659.507699999996
1251,-14885.740680000019
1252,3.006242062475655
1253,1.0426371805511538
1254,0.4818576039573219
1255,0.7734656397820189
1256,-75.6000999999998
1257,1.0534837483384751
1258,-11742.585480000018
1259,-23446.161590000032
1260,-27007.465370000024
1261,-5605.102515845022
1262,0.14894263797929386
1263,-25837.318300000006
1264,-0.5498188641588728
1265,0.9391832472797587
1266,-2515.7224399999964
1267,3.3790788551030233
1268,0.09974758120675646
1269,0.6986981118248319
1270,407.7634395802019
1271,0.9464696291442912
1272,0.10096410317100289
1273,0.11198512154390088
1274,-16830.12249
1275,1.0204900628966844
1276,-172.3150400000001
1277,0.6344752841897965
1278,-10.780524267227298
1279,-7066.6287400000165
1280,27.635282867554743
1281,165.36768202743656
1282,-13780.71385000005
1283,0.5224085819943541
1284,8.646433936197267
1285,0.3369642691078893
1286,-1.1769440743280555
1287,-7992.269830000001
1288,-0.6620698129503783
1289,0.987303438889167
1290,-0.1604137966959911
1291,-1733.945009999999
1292,-0.41630437731828396
1293,-0.5592422080091138
1294,-0.11772451549734839
1295,-0.0577238918795135
1296,-0.1568142563806821
1297,-0.20961618826501824
1298,-0.21584341569152213
1299,-4355.373230000013
1300,-2580.857199999996
1301,-4054.7097500000073
1302,1.0578684720001066
1303,-0.33807413230838684
1304,-1.1442235321790288
1305,0.31364274228226224
1306,0.8918919553566014
1307,-0.177428351595422
1308,0.16394497906279415
1309,-0.7010375452995515
1310,0.6377890228404732
1311,10.117144086513944
1312,85.66594102812736
1313,-20948.634380000036
1314,-0.1603264216905109
1315,-3020.6057500000024
1316,0.14375294953371212
1317,-186.80260947142204
1318,-16995.90663000004
1319,0.6328348209881937
1320,-0.3279219314028648
1321,-23652.29747000002
1322,0.3019935020301781
1323,-0.6078608392680912
1324,0.7107237246030766
1325,0.27995891695376807
1326,1.2373082728422473
1327,14.243082651137456
1328,-2898.684919999997
1329,-0.39113593577234623
1330,0.4828213703328423
1331,0.29131313647463275
1332,12.588897524849001
1333,1.0004683581414897
1334,0.3864483794867251
1335,1.0337683070175545
1336,0.503511473754937
1337,-5866.534909999996
1338,1.489916859667539
1339,0.608608983757189
1340,0.2827513437245957
1341,1.274028899924347
1342,-0.03045565516285059
1343,-12369.48234999998
1344,-0.037608940541513106
1345,-12471.412720000026
1346,0.377759399934616
1347,0.18841191665180199
1348,0.8661546488035926
1349,-7904.224829999995
1350,-120.63702484211859
1351,0.5170038219474228
1352,-16406.00675
1353,-3.815698545467772
1354,0.5110065822211394
1355,-277.87987474984806
1356,-0.923290471316255
1357,367.64314015105055
1358,-14229.401330000004
1359,2.200730520852988
1360,-12401.848580000014
1361,-0.5085355966849929
1362,-2777.0094399999975
1363,0.5955396127354913
1364,1.496449513880624
1365,-0.7363520567859566
1366,-12246.852229999951
1367,-1.3028735500409045
1368,0.6757711921320545
1369,0.956049144849162
1370,-1577.807929999999
1371,-4446.912239999997
1372,-5022.673269999996
1373,-0.2718521591471564
1374,0.3452453241148477
1375,0.46410901665526033
1376,-0.2663469995450241
1377,-0.5217483449281611
1378,-12099.99069999996
1379,266.24240532147786
1380,-0.19742974252903264
1381,217.66837301397862
1382,-3207.112859999995
1383,-0.5618589473144159
1384,1.2488102774720165
1385,-0.2054289901752055
1386,-0.13568733421896834
1387,-2572.7589399999965
1388,-7350.140820000002
1389,0.06752292009325449
1390,-1.2440794885344528
1391,-5697.529820000005
1392,-0.7827474768256318
1393,0.6154253827847505
1394,2.3143411032508174
1395,-0.9033435604732268
1396,0.03238371825472098
1397,-0.31227845371513113
1398,0.02142318760786214
1399,0.5231606293914027
1400,1.0511877800186193
1401,904.4292517094385
1402,-0.238280140469953
1403,-3447.0874799999897
1404,0.488265446260971
1405,0.11054863313495245
1406,156.35338680243666
1407,0.9260278269959755
1408,-0.8092597067580549
1409,-0.5788723275893011
1410,-8972.369930000008
1411,-0.8518672164021397
1412,1.5996203361188608
1413,-2344.958869999998
1414,0.827298864966635
1415,-0.09036762816632575
1416,-0.7879701074248914
1417,-3498.1399060341655
1418,0.2758635461880287
1419,-2259.1734399999978
1420,0.5047040934244689
1421,0.41116446370436627
1422,1.7484030740862617
1423,2519.742772216185
1424,-961.2802900000012
1425,1180.816932591929
1426,0.41739881172868487
1427,-3086.5145000000093
1428,-0.8922187360893334
1429,1231.2576383016908
1430,-3792.0859900000105
1431,-1.0339251281913184
1432,2.006669334217571
1433,42.18409827766318
1434,147.5227484283979
1435,-10746.006699999996
1436,-20238.348521559874
1437,-0.6704646576515733
1438,-3530.365950000002
1439,-4916.366800000001
1440,0.7320025274421156
1441,-8775.359189999981
1442,-1.3709190064993149
1443,0.4022117547534081
1444,0.9588470245425071
1445,0.13571056426650435
1446,0.069917530965889
1447,-0.4102400804686116
1448,0.0651410533159054
1449,0.7494635701154866
1450,1.3172541634385828
1451,-0.27184773031036186
1452,-0.7842393937788996
1453,-1202.6493099999998
1454,-3146.7213199999983
1455,106.26677226418877
1456,-2731.145420000002
1457,19.037422354689994
1458,0.9906091589330874
1459,-0.6037865469695555
1460,-5194.363579999999
1461,-0.7903448420253439
1462,0.9970415896139918
1463,-0.001901847556105099
1464,-8.410013743997288
1465,-102.92534641818041
1466,-0.027821508519676852
1467,-3138.1720700000023
1468,-3985.2894399999986
1469,-1353.7825100000023
1470,-0.3473077759959093
1471,-7114.1718499999915
1472,1.030933319938931
1473,-0.6567580542213595
1474,0.9010255520126488
1475,-0.6916951776541721
1476,-3414.7364099999977
1477,-5071.046430000001
1478,1.1772350348530294
1479,1.7486207300700396
1480,0.4039385879211316
1481,-0.08401310064530546
1482,-0.09963348731929651
1483,-1871.039149999993
1484,0.6219914860146734
1485,-0.49736716168605427
1486,0.17189645014079946
1487,-8386.641079999994
1488,-0.8715661403666981
1489,1.4382197110947765
1490,-7652.374849999998
1491,0.5950019760498103
1492,-2348.245527205458
1493,-0.22307606580745423
1494,0.3533935291210499
1495,-512.9548110510009
1496,-13561.887960000015
1497,-724.2673634914208
1498,4.450074031517564
1499,-10343.051059999983
1500,218.3262486524138
1501,-6268.72294
1502,0.4549838652138116
1503,-0.03277090476565226
1504,10.014349169051371
1505,0.48090568505446113
1506,-6010.261140000001
1507,-0.5756636786752323
1508,-860.6611367018384
1509,478.85196595828637
1510,715.5662599999998
1511,-0.9105315819957615
1512,43.151772688010986
1513,0.04163692609283876
1514,1.598359471281435
1515,0.2994033132385947
1516,0.4238190835685868
1517,41.50952710006139
1518,-2.1401863353296635
1519,0.8363896090409281
1520,11.597025188276293
1521,-2485.8345471479847
1522,-0.20810957735151095
1523,336.6747000000002
1524,0.08325945778865462
1525,-14264.945519999963
1526,-1262.3758699999992
1527,-0.23050589954232842
1528,542.6852180478901
1529,-0.6844038985312335
1530,-2.6324832260159643
1531,400.34116425687824
1532,0.0631663762282733
1533,0.9292389813746073
1534,-1.0674158565533651
1535,0.982028660403829
1536,-5644.613660000003
1537,69.50857247286943
1538,0.3544003074501085
1539,-293.7111600000004
1540,-8.034072432289408
1541,-6086.144469999981
1542,-5345.352120000005
1543,-0.4172427402749414
1544,0.16593324833898318
1545,-1.3372298710179977
1546,-28634.11305892421
1547,0.5038432290134057
1548,-0.37124128169844417
1549,0.5996341921305248
1550,-0.10022686751954592
1551,-8620.384920000002
1552,-0.7599571280771844
1553,-2659.4623200000055
1554,-18457.320179999977
1555,-1457.5838300000023
1556,-4.005743420658252
1557,-0.45422754069720583
1558,-29803.559740000022
1559,1.3451755928355342
1560,22.366960486440387
1561,0.07435151021431065
1562,0.5957839430944222
1563,-0.7267153393811409
1564,8.384656525406
1565,0.5992940789877755
1566,-0.3957419573008758
1567,-0.28688390692872223
1568,0.32899610632366255
1569,0.7115952332985104
1570,0.6401049970249669
1571,-3946.793120000003
1572,-13263.573310000002
1573,-4828.622169999994
1574,0.011069808969085602
1575,-2.1037304387500866
1576,0.2933090572953859
1577,1.2128095650800308
1578,-2.4783745820178784
1579,1.1263754290225514
1580,-8284.637330000014
1581,-0.7641672048155084
1582,-15.503423256708723
1583,-0.18102160725425867
1584,-1.1086318956103742
1585,-1.2711072246363748
1586,-7262.2617499999915
1587,-0.7143032257715283
1588,0.2977682798888295
1589,0.6794979291788138
1590,-6224.872539999995
1591,-0.030617800348314277
1592,0.32233241709958355
1593,-12363.51881999995
1594,-20465.179370000034
1595,-0.8413356675204382
1596,-9017.850439999995
1597,0.9331565416960889
1598,-5701.166410000002
1599,-883.1161452711241
1600,-0.02135515079574154
1601,13.846110960271751
1602,-4392.256149999987
1603,-1.0653877014777384
1604,1.1509368245099745
1605,1.611551277501153
1606,1.7380841274656667
1607,-1.450264036956652
1608,0.5662933456798896
1609,-7.9112259545057535
1610,0.6789883157185247
1611,-12885.929250000017
1612,-0.6804860183927127
1613,-5002.664500000005
1614,-2966.809720000005
1615,3568.313202811777
1616,-0.9648685237491408
1617,-1.1385933422524281
1618,-17495.541620000015
1619,-1.0806969987759343
1620,5.938908014090938
1621,-23596.213889999977
1622,-0.2451233339431904
1623,-555.8868129532128
1624,-1.1799551503789452
1625,-1349.4714299999994
1626,-7.9076714823181735
1627,0.3570476814998674
1628,-1743.3439099999991
1629,-16494.05076000004
1630,-0.003529938233275072
1631,2.3480653020305353
1632,0.0613520968263446
1633,0.8624107920515951
1634,0.6547941289080795
1635,-26910.777680000014
1636,0.2529032550694401
1637,1.221043516575798
1638,-5696.80552999999
1639,-0.30377905336937905
1640,-14910.831430000037
1641,-5640.01000000001
1642,0.8728504207033342
1643,0.8856756368214442
1644,1948.0492599999993
1645,0.22466708121824167
1646,0.9303128629886445
1647,69.89982464932048
1648,-0.9763958121618538
1649,0.23565718213081707
1650,1.2780110981775765
1651,-6044.158689999999
1652,-14986.29956000001
1653,-4281.627910000002
1654,-12922.277
1655,1.1793145384844501
1656,0.8706804462516271
1657,-0.11937261594839985
1658,-2.6183712069759095
1659,-1.3369884893140775
1660,-0.4682416740193631
1661,0.06094335247207574
1662,0.4846855239428209
1663,0.4900213776771606
1664,0.8886056644369037
1665,1.0601503035587525
1666,-11271.452740000006
1667,-15613.615220000012
1668,0.7788903988544692
1669,-5.193574236478523
1670,-1.9508719838889375
1671,-1510.4797942887992
1672,-6414.050749999982
1673,-5528.933349999992
1674,-1386.7263899999987
1675,0.19571157784296014
1676,-2.1724035915556645
1677,-289.314119464519
1678,39.96034307988605
1679,-13742.643660000016
1680,-1.5875078654298833
1681,3.928922793575442
1682,-0.41281707172299303
1683,-0.13174056624873276
1684,1.78201611887997
1685,-0.6409506611786497
1686,-0.7354731991292918
1687,0.3825636733311989
1688,0.28249074515877154
1689,8.267412189573681
1690,0.2530981620777399
1691,0.2359971148021179
1692,-3236.538159999999
1693,-1.9483869886838476
1694,-7224.778089999992
1695,-727.3315500000007
1696,0.7138493164447981
1697,2833.390025108794
1698,1.0442469661088023
1699,4.531846677085982
1700,-2167.85012
1701,0.6502813629398045
1702,-0.3182811042961571
1703,-5389.289620000006
1704,0.7223023019830934
1705,2.0572771999451294
1706,-34471.721659999996
1707,26.22096229385964
1708,-2099.0851399999956
1709,-2.7374063195786627
1710,-0.10629674575930569
1711,-3223.799960000003
1712,0.37296662756489224
1713,-1.0074649097726254
1714,0.8334643116123813
1715,-3814.290209999996
1716,-0.17720750735352875
1717,-9166.956359999993
1718,-6288.025539999994
1719,-0.1228594471280998
1720,-0.0942437602793512
1721,-4586.587510000001
1722,-1.4636775260177814
1723,-1230.7773600000003
1724,-19132.674819999993
1725,-5694.276810000012
1726,-0.9900219226897462
1727,-4.46867992958206
1728,-0.564532841221631
1729,1.0730564224192793
1730,48.565393888021504
1731,0.805185996641375
1732,-142.25491999999986
1733,-0.1464564408481944
1734,0.28502699283471306
1735,1.456597376508591
1736,-24272.930279999975
1737,4.0113010967693565
1738,0.9126559021776436
1739,22.5876461538232
1740,0.5877849771978183
1741,-0.2764379283451011
1742,-3384.2277200000008
1743,14.07246999999984
1744,624.2091399999994
1745,0.33840643141256627
1746,5.090902549720886
1747,7.3765117078184055
1748,-1010.0880799999977
1749,-2670.074319999997
1750,-884.3417892382125
1751,0.8051844341158712
1752,15.021546274347969
1753,81.08918163238496
1754,19.490301549019627
1755,0.08205341620384961
1756,6.41133559502194
1757,-2813.793490000001
1758,-0.06096956010995203
1759,-0.9356511106049836
1760,0.36032669263245265
1761,-1.4599665896526197
1762,-0.7446241449680945
1763,0.9014240239432697
1764,-5033.713630000006
1765,-0.1824624417577045
1766,-13.846000365080496
1767,-1.0975458982013497
1768,-23334.444180000002
1769,-873.3395599999999
1770,-0.22966051710509808
1771,-8654.584250000002
1772,0.09971454110757051
1773,0.11476888320553644
1774,9.407095152446596
1775,-1.481684539385578
1776,-0.7591731801551436
1777,-26637.45576000012
1778,-1.12977811402893
1779,-0.8261128430916589
1780,-0.9487485874203695
1781,-7331.475059999993
1782,-8104.158909999987
1783,-8220.510349999993
1784,-4232.113389999997
1785,0.7027912743436441
1786,0.5101635440663015
1787,-12.553355479127292
1788,-21392.904810000047
1789,31.305807367088278
1790,747.4374864120592
1791,-6764.31939
1792,-0.22816311732866518
1793,-14382.47485000001
1794,-5745.723689999997
1795,-0.7778274639203072
1796,-18810.534320000024
1797,-1.8393612954051068
1798,-5604.626989999993
1799,0.0360104606269778
1800,-4059.566770000002
1801,-0.41826659944817296
1802,0.7908388345460731
1803,1.0257740824089476
1804,24.01497441529039
1805,-0.6080188134674829
1806,-2245.1338200000027
1807,0.9597594350045534
1808,7.268468957163762
1809,-5234.804159999989
1810,-3500.645880000007
1811,0.6898399705268204
1812,-0.16391491377574088
1813,0.10952399259659973
1814,1.4856944794196205
1815,5.148086583285668
1816,0.5964904836011219
1817,-4907.947699999998
1818,0.09366857848971559
1819,0.51886729612485
1820,289.5681299999997
1821,-0.09066920697587252
1822,-0.6691076219988745
1823,-3529.4145499999972
1824,0.4123100572825601
1825,-3682.235600000001
1826,-8872.046209999997
1827,-0.22466647519409352
1828,-6307.952129999997
1829,0.5362368009939121
1830,-12731.84302999998
1831,27.25653588808878
1832,22.31443069431305
1833,2062.5131670668575
1834,0.57902726680187655
1835,-212.4702336827945
1836,0.4250522745904461
1837,0.8536330982830159
1838,-1.1963025797957088
1839,-33894.82516999996
1840,-0.5633077358344586
1841,1.6856736260505476
1842,-0.6875657257656131
1843,-7535.4334899999985
1844,-3170.5639200000023
1845,0.4271414852134237
1846,-0.7566473818241436
1847,-7109.908290000003
1848,1.4141381328551297
1849,0.900892808083992
1850,-11615.729750000013
1851,-16.57570115996541
1852,-12666.282290000008
1853,0.4254177073134534
1854,-0.1582232789140989
1855,-0.31014430214608024
1856,-1874.8950899999982
1857,-78.35092023169433
1858,-13339.834627183609
1859,0.05324132225337668
1860,-0.8084213046142906
1861,-0.3315989369138068
1862,0.7454679558048972
1863,-2969.4028699999994
1864,-0.5955564474662632
1865,-10905.621600000004
1866,-1538.3247100000003
1867,0.34157921722414936
1868,-296.6182131691943
1869,0.3961027866675479
1870,1.2135126718035323
1871,-0.21636507057473486
1872,1.6081667034648708
1873,-3666.5231399999975
1874,-0.2944417678259277
1875,-9229.055720000002
1876,0.6246909908005249
1877,0.23143031022109903
1878,-5946.793099999997
1879,-2856.8003699999995
1880,0.6174442551005729
1881,0.9272534329034047
1882,0.7082599880251546
1883,-6723.125779999977
1884,0.24592965258536983
1885,-5.12961339274545
1886,-0.08471152086240798
1887,-428.07931846193696
1888,-13564.948929999984
1889,1.379199582759268
1890,-2716.425490000004
1891,-29720.13067000003
1892,-173.1425599999999
1893,-0.44977816284191147
1894,-2198.0721900000026
1895,-0.11218180784968636
1896,1.0192212091684365
1897,-7872.489189999996
1898,1.8738572473323925
1899,-17178.148260000013
1900,-4518.220750000005
1901,840.2033400000028
1902,0.17001058025991814
1903,0.4251585868133997
1904,-7624.470599999997
1905,-2310.5535500000015
1906,-0.4943796404655983
1907,0.7081994390541548
1908,-10799.396759999996
1909,0.08088751626317976
1910,1.0587190049719994
1911,-5662.972859999996
1912,0.11052074661716618
1913,1.258867332020988
1914,17.916159749504295
1915,2.125368420803397
1916,-16881.434659999995
1917,-1.1149630842164604
1918,-2443.2461099999964
1919,-7329.919420000016
1920,0.10258532148147878
1921,-0.5872787352998872
1922,-1.0907043393303082
1923,-2667.249646236
1924,-0.7822882179023354
1925,4.4835831256031184
1926,-0.18308000838344327
1927,-4680.4167199999965
1928,-119.88652528916192
1929,-6837.931440000011
1930,-3147.090790000002
1931,0.3959267220687309
1932,-1713.5064300000001
1933,0.9994744695773934
1934,0.8848657023271305
1935,2022.159271882074
1936,0.46478908240005995
1937,-0.35668439333244
1938,8.078474024969273
1939,-7947.605619999997
1940,1.3570816637652394
1941,-5582.651139999999
1942,1.5133602148157823
1943,-0.3446011954213074
1944,-0.9067446999348714
1945,-3520.6457600000035
1946,-15072.514107415154
1947,0.7126913675317899
1948,-1.866006993136875
1949,3.678590973761409
1950,0.5043238324333359
1951,0.8515507545652223
1952,-3741.8192500000005
1953,-0.1740556350745733
1954,-6799.341419999991
1955,-10423.563130000008
1956,1.5352854175669994
1957,2.88670271432246
1958,-0.8655239000257913
1959,-0.680852181722259
1960,160.0940342729952
1961,-23.277920000000105
1962,1048.0873754297802
1963,-27.493050467725613
1964,5.274642662474992
1965,-0.756219266266561
1966,0.08989794748418603
1967,1.5118394702909992
1968,-0.33142281407972646
1969,0.4313694545783856
1970,-4022.8298399999985
1971,-0.841988752728404
1972,-0.45506075178817706
1973,0.28005457011724794
1974,0.5625376332299266
1975,-4251.812789999985
1976,-12804.275107721913
1977,-12926.735629999986
1978,-13.36779955445403
1979,-0.7042417135866794
1980,0.04333572257936425
1981,-14486.659710000009
1982,180.61216328240502
1983,-35629.30514000004
1984,-0.5068563367784401
1985,-2.606887933215623
1986,0.07908375222650701
1987,1.5027573346862215
1988,0.9324219094319407
1989,-0.04356094119143588
1990,-0.7538002662468434
1991,-0.8814708958301168
1992,9.033418935404644
1993,0.9393350163469613
1994,-5974.332769999995
1995,7.8331461097157575
1996,1.219771992275754
1997,-1119.2194800000004
1998,-0.6798544859929735
1999,0.2626449711407703
2000,1.8693115800227191
2001,-0.10015385836648477
2002,-2.1233040867849358
2003,0.2855399499657754
2004,-1.0644867147366068
2005,-0.5866167919054699
2006,-0.25721293701546366
2007,2.328169515791622
2008,-7409.281980000002
2009,120.90051303100228
2010,-0.7966724033064473
2011,-37076.06580000002
2012,0.605647819097762
2013,41.713594464523055
2014,83.96053668123879
2015,-30.95735283707594
2016,-123.45160934990493
2017,0.9071619222992345
2018,-3431.467119999995
2019,-18884.397979999976
2020,-0.21139663679643816
2021,-15611.167319999988
2022,-10228.433999999967
2023,-0.158851204499954
2024,-0.1074466028165263
2025,146.85898000000046
2026,-0.5234124183669159
2027,65.012012910092
2028,-0.6477903024498295
2029,-1.7723609146414272
2030,-1707.5637199999983
2031,-0.620433129718974
2032,-5590.306899999987
2033,-14203.57032
2034,-28881.898390000024
2035,6.750111993517515
2036,0.5679466346718394
2037,-275.2448127803484
2038,-0.08863060573872833
2039,3.644468657698807
2040,0.43025758442443895
2041,-0.027895612210356663
2042,0.8104580304523976
2043,10.034951886313527
2044,0.22368892644389285
2045,-0.8361059137431132
2046,-677.4193900000012
2047,10.753621538611604
2048,-120.07489058874131
2049,298.43552
2050,-2280.4699299999984
2051,-0.005419292519950219
2052,-0.5083137790910542
2053,-2.3440258512748327
2054,-3978.608250000007
2055,7.581300287473517
2056,-13873.831190000019
2057,21.586700152228598
2058,-23936.059080000006
2059,0.7112086970867516
2060,-0.07316490706004769
2061,-0.11066595120006707
2062,1.0930962498790777
2063,-190.8541299999999
2064,-0.6107489156929095
2065,-10941.787359999993
2066,1.7812786481277938
2067,-5271.641409999996
2068,2.7353351410086715
2069,0.7958257088729879
2070,0.2841429333213695
2071,-4917.442629999997
2072,-10206.691179999993
2073,-0.8271139997383196
2074,-42.323924416563244
2075,-0.3795939159362046
2076,188.34170113993247
2077,-0.922824378115899
2078,-0.8383064080576692
2079,1.3503331371928515
2080,1.1580163184693912
2081,-0.18563508594825848
2082,-0.22119862956568512
2083,1.6106894636083906
2084,-0.8632306942915176
2085,0.1384973435194423
2086,-0.37954649403347246
2087,-0.6091752672494084
2088,0.16893496236557212
2089,-0.2869693779236603
2090,141.50751492954117
2091,-10143.43007999999
2092,-0.05337123410160149
2093,-139.9163590224212
2094,6.217714370407624
2095,23.351187363533075
2096,0.9175394814046555
2097,0.5129417275291641
2098,19.173923897327732
2099,-0.16418972225564188
2100,0.1021469499361007
2101,-1.6849430975515418
2102,-7226.636880000007
2103,-6053.098060000001
2104,-0.0707260050064233
2105,-4502.458210000002
2106,392.21150027349535
2107,0.039066286596432465
2108,0.9979690484969949
2109,-0.0738238704004864
2110,-11306.435990000007
2111,-11632.398679999997
2112,-1.0456648993924824
2113,0.23029496944213412
2114,-13548.482910000002
2115,0.450135889195242
2116,-0.48177792421502147
2117,-0.9703878293475185
2118,2.762341152717949
2119,1.1001452252231965
2120,-0.10579827269952322
2121,1.6839758787304415
2122,-1.1981394026573926
2123,25.41543330734703
2124,-0.31061954167200084
2125,-12334.276559999986
2126,-439.8324308653472
2127,1.155259390064052
2128,-10145.158889999995
2129,0.39746933649868044
2130,0.027424518145070537
2131,-1.1081655663462509
2132,1.676749394617304
2133,-0.6442350332430492
2134,-0.17333906913970695
2135,0.1346620228774578
2136,-9412.896129999986
2137,-14401.116050000006
2138,-0.04260827504004604
2139,0.09546967536866259
2140,1.1438902995523552
2141,-0.23992433804560556
2142,0.751910320981314
2143,0.9858153351256792
2144,14.765615392538606
2145,0.4993032753189577
2146,7.0761472914823775
2147,-6812.491559999991
2148,-6205.177119999991
2149,0.08605102486914347
2150,-630.1707900000005
2151,-9958.622360000007
2152,-3877.2495500000077
2153,-0.9572856665788428
2154,-30534.490789999996
2155,-0.0814924859294315
2156,1.4798100519318007
2157,1.599854938846909
2158,-8584.600169999992
2159,59.134086563641794
2160,93.74486430555999
2161,-1.2524780244770857
2162,3.5691873885216663
2163,-0.12068560268093606
2164,1.4880304484532043
2165,0.5643525204516515
2166,0.27423703886899486
2167,1.8326902523291069
2168,-17455.80853999997
2169,-0.7459624968402678
2170,-0.9787968724168988
2171,1.9704438227231234
2172,0.3668507124570803
2173,-0.8125421874181951
2174,-11380.259690000008
2175,4.346322225231531
2176,0.6072860755753254
2177,0.21246884187082635
2178,-0.4168622530128687
2179,-0.3936202890422117
2180,-0.5600922392821464
2181,5.991535679769747
2182,-11998.427139999976
2183,0.1409282257539599
2184,-0.31803361705115085
2185,-6.279631738906917
2186,-0.6661905346391149
2187,-0.892557080860639
2188,4326.779573795683
2189,-1741.890915369592
2190,1.4305425037019306
2191,-1.8451326058238076
2192,-8841.66241999999
2193,-0.9949458856966407
2194,-3634.498060000002
2195,43.45305062796594
2196,2.246021998440786
2197,-0.7566604184359108
2198,0.3209683342070456
2199,-0.3886507142827254
2200,2.03766417434125
2201,-1524.5404499999988
2202,12.58048159461619
2203,-8555.596369999983
2204,1.480714226306737
2205,-0.46086257313516
2206,-3.304455815123424
2207,0.07549743128711574
2208,3.4767245184495783
2209,0.3911826505460195
2210,0.41716961080451576
2211,-0.5033860280936376
2212,-0.7025489902375823
2213,-8810.286909999995
2214,-2.4775589767229453
2215,-9.85736786351301
2216,0.7833869336702068
2217,5.919967245231944
2218,-5.610485121294728
2219,-4694.452799999997
2220,-0.4745069661117213
2221,-0.734838814090624
2222,-0.1654172238815162
2223,-0.04550603491106719
2224,0.05045469193030812
2225,0.30132687635890953
2226,0.6823893092389248
2227,-5264.433329999997
2228,-0.15171562474970998
2229,0.7065427363538316
2230,0.12216877359225727
2231,-2836.220450000004
2232,-0.032367708864723115
2233,-11854.322100000003
2234,-0.12892745328776736
2235,1.207500135692665
2236,-26283.322890000054
2237,-0.9062534198689443
2238,1.5767584089944335
2239,1.1449618333800042
2240,-0.5080162175945854
2241,-1.51056709613746
2242,-621.5059699999999
2243,-0.6786285670470353
2244,-2.05940942027062
2245,1.6389434483945036
2246,16.764041276944205
2247,1195.6459442435591
2248,3.4116339722845557
2249,-5649.520810000009
2250,-0.2619224691172694
2251,0.717318585471756
2252,14.032533311894877
2253,122.02940000000025
2254,-8213.624490000007
2255,13.465222305453745
2256,0.17778611181456658
2257,-17145.51825000001
2258,0.7207568585085261
2259,-0.5382374206884899
2260,1.197810209407338
2261,0.3195645869856204
2262,-5228.148419999998
2263,0.23281702249315508
2264,0.20684509536322107
2265,-0.6191182028323242
2266,0.2476244001795379
2267,0.07748049165096194
2268,1.6108391737698076
2269,0.6759665873827886
2270,-0.6290994056861001
2271,0.07480159947926406
2272,1.2526995629743294
2273,2.0095659323245254
2274,-35345.60311000002
2275,0.028762755373253304
2276,-17320.435910000022
2277,0.16880525920756503
2278,-8313.241369999982
2279,-2025.9218399999957
2280,0.4378222592585368
2281,-1.0731309067412995
2282,-3611.6221899999987
2283,-0.14869682260084405
2284,-0.4699509771814595
2285,972.8812499999996
2286,-0.9982225661261002
2287,-0.340359466977804
2288,-0.08181794385704133
2289,1.1315986061861703
2290,-1235.1087699999998
2291,1429.1367200000016
2292,0.3988867616367923
2293,0.8974859602058208
2294,-0.5706545248301641
2295,-4768.942360000003
2296,-0.14739823286581957
2297,0.1735854880731759
2298,-0.1178183878287762
2299,-0.2972937309472262
2300,0.8737185306280865
2301,-200.11595952851252
2302,1.1376417320752417
2303,-303.71269295432194
2304,-13945.505609999977
2305,0.43598020017420225
2306,-3360.3976999999995
2307,-0.1073516622115064
2308,7.8283187254196935
2309,0.6635249274198678
2310,13.38492676134488
2311,-3292.2790900000027
2312,-7030.8891000000185
2313,0.5175800318923987
2314,-0.2955100514840745
2315,-24899.19529000005
2316,0.340489827613543
2317,-0.24735265841696683
2318,-0.513146388833502
2319,604.3286699999995
2320,0.3844038276640176
2321,-0.39371976151545257
2322,1.3992532401603897
2323,-0.0337784213635615
2324,-0.4305692255527759
2325,-1.793217826028649
2326,0.830675838590083
2327,-4627.018699999997
2328,0.3182017806546958
2329,-0.8682860694049221
2330,-1.1691439358473195
2331,0.975565137577959
2332,0.5607374945665425
2333,-0.4460546658828649
2334,-2219.0841599999994
2335,0.15429781169466283
2336,1887.0547767629168
2337,-20380.03181999999
2338,0.6320592262823589
2339,1.7453463223719268
2340,1.6007847401659598
2341,2.8101115571178776
2342,-3786.1690100000055
2343,-6142.306860000006
2344,-0.7029226505685486
2345,17.830271407635923
2346,-9314.927479999998
2347,0.35166353226248304
2348,-0.28133457356181296
2349,219.30427536373895
2350,-7.027586729999547
2351,0.07096661170953295
2352,-9889.336839999993
2353,-0.6732831674396014
2354,-1602.7792999999997
2355,0.21968291053618572
2356,-1819.0708499999998
2357,-31748.52186999992
2358,-0.14047726053691878
2359,-7936.985939999981
2360,0.7916823992199746
2361,-0.23311879308841005
2362,0.7658399291432854
2363,-18100.561349999985
2364,5.787085254298712
2365,-0.5422156255585582
2366,1.0195468543327935
2367,20.137037470354887
2368,0.36445274039264336
2369,0.5420632613607025
2370,-2772.0914299999977
2371,-4404.592399999997
2372,-11517.00862999999
2373,2.826016686474869
2374,-0.6284144247640898
2375,-8678.227570000008
2376,-1390.6827200000014
2377,-0.19329288152974416
2378,-1704.168510000001
2379,-3.106945597946973
2380,0.17651916735467665
2381,0.15985156418762397
2382,-3021.240899999999
2383,-0.937868173944516
2384,0.17106209121298066
2385,20.438306276427816
2386,7.961808773519275
2387,-1.2300425456067763
2388,-1801.7136900000028
2389,-2630.3642792929004
2390,-7590.734160000003
2391,-0.3766758786544252
2392,-1.8497566304388688
2393,0.8557498664365495
2394,-1206.2622400000018
2395,-9197.197549999997
2396,0.6732461778023605
2397,-0.6468793628015559
2398,0.06488168672326297
2399,0.011589460235596304
2400,-1.91494149674546
2401,-20431.225127064154
2402,573.2248470199099
2403,0.01894608742655703
2404,-0.7165878398103696
2405,0.8454662287349736
2406,-0.4156447292140105
2407,1.0371327973698337
2408,-4.247417927705775
2409,-6953.007169999995
2410,1.4668106194955974
2411,-4618.66737
2412,-4122.028709999989
2413,0.630027285688447
2414,-0.1397142452115599
2415,-5779.106080000002
2416,-4114.028649999992
2417,13.208399647809923
2418,0.10055854024517508
2419,-0.44816229286772197
2420,0.04102439063749765
2421,-0.3606786401080013
2422,1.031540008790393
2423,-0.26433521059256004
2424,-4099.8921300000075
2425,1.682155822777178
2426,1.2368059648015692
2427,0.3620493078966168
2428,-1.403699610656748
2429,0.9499392319743516
2430,-1.583952150127843
2431,0.34415513670235137
2432,-9121.091769999995
2433,-0.869015165131841
2434,-0.392521434719182
2435,-3217.9062000000094
2436,1.9400755754568018
2437,-0.10496806085122425
2438,-667.0332271125999
2439,0.9858612157094683
2440,-11.744604631740312
2441,-1879.7273600000012
2442,-14037.352579999995
2443,0.7700474354057645
2444,0.4794471117887497
2445,0.5694223656338492
2446,0.3586135278272884
2447,-0.21010422405215956
2448,-0.7981636447329612
2449,0.6456297042584622
2450,-169.0803202620288
2451,-6026.19909
2452,-0.2004229773941057
2453,0.8341497830897678
2454,0.5906615414808066
2455,-0.10234077436425129
2456,-0.055351058205460324
2457,-0.25601410850372364
2458,0.10934789118421813
2459,0.5007405503501349
2460,-0.12757054432673845
2461,-0.09626115877647588
2462,-4526.7129200000045
2463,-2331.0294599999975
2464,-1.5276784907473346
2465,-0.5546513105067503
2466,1.177447456816131
2467,-12952.14865
2468,0.6134148625816395
2469,0.8268461667598054
2470,-712.8062199999999
2471,-0.5512622791970622
2472,-5305.140349999994
2473,1.4965891825732558
2474,0.3241569864834537
2475,-0.7454383820862118
2476,-0.8225112181788505
2477,-37.842214531527816
2478,0.34077848048691683
2479,-14482.598120000008
2480,0.7396759666466285
2481,-14347.710849999994
2482,0.19723713820950997
2483,3873.1906499999986
2484,-3376.5726700000027
2485,0.4862420697205099
2486,1.639349851752373
2487,0.6819796178441525
2488,1.5502281676155247
2489,-0.19791162043225155
2490,3.502725369716941
2491,0.7937537625350789
2492,-0.28112873744528666
2493,-4345.502280000001
2494,0.9709185707315783
2495,-4281.319879999999
2496,2.0920721372490974
2497,-35356.837990000015
2498,-34605.46674000005
2499,-0.5793677006024707
2500,-5810.310810000004
2501,-0.5060848033449988
2502,30.320219185465398
2503,3.266982567332636
2504,-15015.091880000005
2505,-13508.177280000005
2506,-1.3023506002246779
2507,-0.9798911363129985
2508,-7155.476559999996
2509,-9274.446299999996
2510,0.7849051741895972
2511,-2801.979430000004
2512,120.42103945819215
2513,-6090.169579999994
2514,-5002.576029999995
2515,-1606.3173499999975
2516,0.11893842401505533
2517,-0.3107931875215401
2518,0.18618520034036848
2519,0.38203215168217314
2520,-0.14073920962152056
2521,-3933.8234400000047
2522,0.5947562383008067
2523,-0.7274682366275714
2524,0.020105522067935262
2525,-0.5405243739980066
2526,-0.4933288483343478
2527,-0.5802951723217705
2528,-1.0210722391298936
2529,459.20408999999955
2530,1.6267312157347216
2531,-0.07270744230786497
2532,-0.5616753997937571
2533,0.2989814321973569
2534,0.3833433522964814
2535,-0.4758510790425932
2536,22.335134175547495
2537,-2565.8991800000026
2538,997.2015385406671
2539,0.9011859879222939
2540,81.60002000000021
2541,-23097.495023102703
2542,-1698.3279799999987
2543,0.32073838411508765
2544,2.5491339978241156
2545,-12370.748129999962
2546,-3723.094899999999
2547,1.5032858413408774
2548,0.6527483796781834
2549,-4269.8132399999995
2550,-6001.273199999992
2551,9.72123721760173
2552,-1.4382504203650033
2553,-0.8637801827010463
2554,-0.06525017119607446
2555,0.44886604370030575
2556,-15254.751909999986
2557,1.7901040916593984
2558,54.757944693621425
2559,-4687.396359999995
2560,-0.7119381055278663
2561,-9850.684719999996
2562,-12798.881810000003
2563,0.42471816351661523
2564,-6615.840189999981
2565,-0.08552836699000817
2566,-14080.463870000007
2567,-0.4184034979484033
2568,-10171.564839999995
2569,-209.38326034007767
2570,8.84508810254184
2571,0.7807416801718758
2572,1.0996177721605849
2573,0.9013977282949261
2574,-0.9298762843812579
2575,-8031.067259999984
2576,14.576418392640338
2577,21.03723221174001
2578,-638.4203699999989
2579,0.05106158644178254
2580,-0.4933739647643163
2581,0.29591935319673207
2582,-17606.690520000036
2583,2.1742505759181547
2584,340.0945372734858
2585,-4980.429260000006
2586,0.20684288530216463
2587,0.5860579582899172
2588,-809.4458259112503
2589,0.06185813859666746
2590,0.28781055937368416
2591,-0.08146144661706754
2592,-0.9045142251018549
2593,0.26404723904330085
2594,0.9881723385642057
2595,-3836.8264100000038
2596,48.15582576422926
2597,29.330556045561547
2598,964.6463000000026
2599,-0.021446428699321243
2600,-10193.362449999975
2601,-5.674430585846943
2602,0.7535083502195193
2603,0.3399707956587049
2604,0.449615489142539
2605,-2284.600489999999
2606,0.5124919064518383
2607,108.0951895549741
2608,-10024.108319999985
2609,-0.946450547545547
2610,-1109.5339600000018
2611,0.7560089943658279
2612,669.4678658326586
2613,-14725.769009999967
2614,-2.4140661468285245
2615,-13.110603998909966
2616,15.546683701988654
2617,-15667.692200000012
2618,0.3123050895238875
2619,-18122.892339999973
2620,0.15700049772052427
2621,-434.6749119726763
2622,-3337.34591
2623,0.7140834216944438
2624,-1.361502792288736
2625,-0.5091486839222998
2626,-11907.845820000002
2627,-3.8134083130462555
2628,-28397.711950000023
2629,-0.5055105110291171
2630,0.9699696901634968
2631,0.4392949980082019
2632,-0.3056054622329261
2633,0.0479189609795545
2634,0.5389953788794154
2635,15.87947939906056
2636,0.7332180210189642
2637,-0.02298518321309289
2638,-3614.408110000002
2639,-20538.071629862003
2640,-444.66423000000003
2641,-7403.496440000008
2642,-0.4326923109592875
2643,-25252.63519000002
2644,0.6876190562672506
2645,-0.3830507134510797
2646,-6029.018870000003
2647,-1175.9075200000023
2648,0.7948085535495174
2649,0.02606470510815707
2650,-0.7774591756546917
2651,1.369125064637251
2652,1.753128528785832
2653,-867.8099100000001
2654,1.3015754475833996
2655,-0.8001928919793322
2656,1.1586710164790057
2657,1.739575783378076
2658,-20098.194909862003
2659,-37149.60172844323
2660,-3.3160955835233175
2661,0.22718597515195357
2662,-0.08384035390573484
2663,-0.2456919042689554
2664,0.2615815727587454
2665,-10643.520579999995
2666,-2137.78286
2667,0.3229757192986162
2668,-3.4564388363875236
2669,42.30041268604116
2670,-3845.9098199999885
2671,-0.5553258888694146
2672,-8126.002959999991
2673,12.148201073493112
2674,-832.8878900000009
2675,-5192.177859999999
2676,-1.8635647041444745
2677,1.2749027617243598
2678,-2377.588757666224
2679,-5147.737909999996
2680,-20682.508849999973
2681,0.3566682152526422
2682,509.69049604646193
2683,5.537622673295427
2684,0.10830595144666848
2685,1.4004266678818813
2686,0.41838816579717086
2687,4.112301964901724
2688,-3.7939760945312413
2689,-437.4150899999991
2690,-0.13275194125218234
2691,0.086094248960693
2692,2.3949273414963357
2693,7.768986111180149
2694,-1151.4435799999999
2695,702.5993400000024
2696,-0.7510336152256422
2697,-0.48428073055407245
2698,-4727.639160000008
2699,-150.19288441511182
2700,-2.3262187380744153
2701,2.518771630977451
2702,-957.529219999999
2703,0.6148584239534945
2704,0.06499993076255477
2705,-0.5752267573676059
2706,-0.1268637539410452
2707,-224.39054000000002
2708,1051.0520999999994
2709,-0.08309378840300821
2710,0.10579966662243326
2711,0.7800889856169326
2712,0.5941367297026231
2713,0.4029878925571098
2714,-5602.147929999992
2715,-3653.2523700000015
2716,-7302.524239999993
2717,4.4763791160741295
2718,1.101535454386474
2719,-4141.349570000003
2720,1.5214881756680199
2721,0.1845501042479897
2722,-0.9381730150009084
2723,1.0470844778850508
2724,-0.2505431998878137
2725,0.5748718442149194
2726,-11637.112830000002
2727,-0.8176726900530235
2728,0.8982367255143187
2729,-1.2107820917731733
2730,-4898.956419999992
2731,0.173309550806041
2732,-22738.45097000002
2733,1921.5528445775326
2734,-5324.118149999997
2735,0.13994270726399782
2736,0.8319239760142487
2737,-0.5948919301139536
2738,0.05917460934492149
2739,0.7540663026445551
2740,0.6224656191752967
2741,0.8421833418706278
2742,-0.6320298203661717
2743,-8142.664220000003
2744,-0.4402024262539907
2745,-0.408054558590554
2746,-0.4250338144623043
2747,-1.0599492700298159
2748,0.751002478317151
2749,-8778.26172
2750,0.6532719249835265
2751,-0.028514136554937723
2752,-464.0422437657763
2753,-0.8169213380921762
2754,-12879.03149
2755,-1.1628662924055575
2756,-2396.368680000001
2757,0.4407734159015952
2758,-10.667811481469341
2759,0.03971840964932748
2760,10.4572165286218
2761,32.824179999999906
2762,0.2387960629054406
2763,-6976.146540000007
2764,533.3619279761473
2765,-1.154641015421135
2766,-7247.38451000001
2767,-8096.760479999991
2768,-1371.688200000001
2769,0.10836759051589327
2770,1.0020025809453927
2771,8.416374997872722
2772,0.2630732169085285
2773,-23609.690050000052
2774,0.08846404840961465
2775,-17762.486596962404
2776,-8790.00492
2777,1.0944907846557932
2778,-2369.9698099999982
2779,-0.7009318472487108
2780,-3.971213342709667
2781,0.6041369874564197
2782,0.17959059586250078
2783,0.40383639623540446
2784,1.2294961546172567
2785,1.0722160799166418
2786,1.3114720330214744
2787,-7251.228990000001
2788,0.07347468782797906
2789,-0.36604856572916766
2790,-980.8471041896572
2791,-33892.71609000001
2792,0.714261758896757
2793,-6591.950153296263
2794,2959.6950622398367
2795,14.948815627709294
2796,-0.70540246308255
2797,1.9314344097115292
2798,-0.5486554018646839
2799,-8724.352340000007
2800,1.0980052682977368
2801,0.11963606457517581
2802,0.18717061878677455
2803,-3860.147439999994
2804,0.06251313015494232
2805,0.47341518379526704
2806,-0.11055470790757753
2807,-8164.60391999998
2808,0.7501198328017913
2809,74.8587299630764
2810,0.6995383927439262
2811,-17229.571230000016
2812,3826.803171667096
2813,-1.3321115879574739
2814,0.14194493739453343
2815,-1.2028163443675897
2816,-1743.5169500000025
2817,-18406.344170000037
2818,-0.48417603685079047
2819,4.182762601809313
2820,1106.5948700000022
2821,-0.10798414951003399
2822,-8200.530520000008
2823,-30389.96987741514
2824,-5.399916780952567
2825,1.7755444463358248
2826,0.04918757712212105
2827,0.3211938941042406
2828,-2728.111599999999
2829,0.6823627069497586
2830,0.8375257543282792
2831,0.8578246275168369
2832,1.277751602762794
2833,-2274.3692100000007
2834,0.08805510188809366
2835,-8870.040009999988
2836,0.1390102666659172
2837,-13.397859999999985
2838,4.8145810024645295
2839,7.662946772948198
2840,-931.8504699999987
2841,-6021.024439999993
2842,-0.06557825571012257
2843,1.93632969844666
2844,-0.08739189314107187
2845,-0.6054219049999473
2846,-1.1972183519709976
2847,-889.8022199999998
2848,-7.307932975553762
2849,0.43208538152063813
2850,1294.7639800000004
2851,2.382262208875369
2852,-0.8042548699439802
2853,0.5289689090480696
2854,0.12441652867050856
2855,-1.4774669121435413
2856,-0.6783682711455297
2857,0.07461562759188067
2858,-105.23811999999988
2859,0.7659771767716272
2860,-3060.759890000002
2861,11.911178599225128
2862,-1.2609829793304161
2863,969.1252231611809
2864,-0.15396591458463424
2865,261.35633464130956
2866,-0.5227113509766542
2867,-1.0677461986004226
2868,24.666354754886548
2869,-1.1812566798993975
2870,1.174349277628997
2871,-6557.768909999999
2872,0.22864022552862784
2873,-17196.611540000013
2874,-28695.620429999995
2875,-14924.24122000001
2876,-22172.49729000001
2877,-0.7432418435364221
2878,1.0224448559205526
2879,-320.4211676493905
2880,-0.123244650932729
2881,-0.09511843876766239
2882,-439.2000036424786
2883,0.3401381994982267
2884,-11584.209360000024
2885,0.1488678850464645
2886,0.9958018358242092
2887,-9322.18906999999
2888,0.6343839402659268
2889,-631.8474690805435
2890,-3463.277560000006
2891,3093.5979004542387
2892,-1.2428467939676051
2893,-7.225170691213167
2894,1.9417751002143935
2895,-0.29450783672352343
2896,-11569.135179999994
2897,0.8530257937055068
2898,-36622.9510000001
2899,452.2145787721694
2900,-1.1437345393177185
2901,-0.4351817336832823
2902,0.1044269539104268
2903,-0.051960712328543775
2904,0.3991658304059032
2905,-20928.704260000046
2906,0.7878129083355044
2907,-1.111478837678844
2908,-16738.39106999998
2909,-0.36170201881131164
2910,-8249.881660000001
2911,-0.9208925308432077
2912,1.8329184048276628
2913,72.34519324944033
2914,-5158.774470000001
2915,0.027080469779709647
2916,-1.5238412311755534
2917,-0.43116035850927514
2918,588.6663700000003
2919,-23723.378190000036
2920,-10347.093190000001
2921,-14.00272473116891
2922,0.022394841209497623
2923,0.42263659491538724
2924,-0.9805657217926347
2925,-1.6367876907683272
2926,0.6735385215956441
2927,-14399.251209999986
2928,-20741.67001593728
2929,-0.9052925802991977
2930,-5299.602480000002
2931,7.124555798862232
2932,0.7747702216675147
2933,-328.9772337672966
2934,-0.318995834046547
2935,-4120.783470000004
2936,-3103.991190000008
2937,0.6785314846728896
2938,-0.123398563530909
2939,-625.0307000000004
2940,0.01070362302013646
2941,0.40745649865782335
2942,-4096.944890000003
2943,0.9398935013428459
2944,-2110.779830000003
2945,-157.95574000000096
2946,-1538.0508699999998
2947,0.019940489003293538
2948,1.567343221292874
2949,-0.5089259639656988
2950,-0.5924095168544553
2951,-1.2430234776226066
2952,-2969.546870000001
2953,0.28587578640449873
2954,3.418333125329865
2955,-19931.164940000002
2956,-1.0724322597294909
2957,21.755541705257787
2958,-2.046688090622768
2959,-1838.8004500000031
2960,-8254.980439999983
2961,-614.5631909882176
2962,1.1231007928585341
2963,0.011894165921215213
2964,-0.2620727183662764
2965,-0.4889219513972398
2966,-15.022888447778982
2967,-0.5219621867891121
2968,0.0764619703713002
2969,-0.11616770799479284
2970,3846.188776303748
2971,-0.284362859518835
2972,-0.4160186091800279
2973,-6379.192760000002
2974,573.63933
2975,-8104.465960000002
2976,-0.7575046020179281
2977,-0.6060045619851341
2978,-0.5251601398071426
2979,1.2750972995985337
2980,0.7320103307452255
2981,0.3256696982279342
2982,-0.3205309189190737
2983,3.2373514281383047
2984,7.963481162363691
2985,0.3267481204730614
2986,0.07441652056603693
2987,0.9548346935185629
2988,20.890348206596375
2989,-0.24971504680287096
2990,-6931.241410000008
2991,-1.1340052417938782
2992,0.4611131505243101
2993,-10889.759379999996
2994,0.6381774511458278
2995,-1.9260427735867203e-4
2996,0.025518821002593867
2997,2451.225170000004
2998,-8171.7849300000125
2999,13.361773409553452
3000,0.3721203677921662
3001,-1.7170940549006706
3002,0.7097845469010731
3003,1.4573790623069987
3004,-0.16197742900291326
3005,-0.34235711752394754
3006,0.2779802905175424
3007,0.7138915448463581
3008,0.8245645558830086
3009,6.512118412087901
3010,-2.153255746223753
3011,-0.6917260533619226
3012,-0.8481212527177169
3013,0.7374928528869198
3014,10.33976822813281
3015,5.409840543821808
3016,-2787.9223299999985
3017,-0.8710699993727671
3018,-1.2569644201313206
3019,0.9807333359274991
3020,2.908556523888367
3021,-0.43503606505818465
3022,158.56625000000014
3023,-0.43713128803911344
3024,-0.06673986355424281
3025,-0.8808640240365717
3026,1.1394912968367241
3027,-3214.8260199999963
3028,0.990445549813766
3029,149.07476966967928
3030,0.6971800116043422
3031,-0.23798155844271357
3032,-0.11656749812893522
3033,-55.540794240866404
3034,-3174.730059999992
3035,-7240.064819999991
3036,14.969740657536633
3037,-14207.459359999977
3038,-0.33156246188157373
3039,-0.7258911044001178
3040,-19341.734899999996
3041,0.3792049311194706
3042,-0.6691526091388512
3043,-3761.633290000004
3044,0.1099833179900034
3045,184.0782532460621
3046,-6229.212279999999
3047,-778.4598900000011
3048,0.41443232485044734
3049,20.48187427690958
3050,0.36399674827432965
3051,-7360.979570000006
3052,-0.40969615676458043
3053,0.02858745872150738
3054,0.04587901325817509
3055,-7536.15224
3056,-6889.82411
3057,-1.1543152497216869
3058,-0.6253794278539526
3059,-26694.75861000005
3060,-7919.10412999999
3061,-994.4453300000035
3062,-0.11842561514737099
3063,-5411.832039999996
3064,147.9308874995618
3065,-0.23127276660645124
3066,2.442203609502092
3067,143.2749548889273
3068,-2546.479737344434
3069,0.2729058465718568
3070,0.3279643162165838
3071,-3.5993519465182144
3072,19.308133049978693
3073,-7057.111699999991
3074,-1.4391182682921548
3075,0.1920519551569562
3076,-0.19061633435565903
3077,-2.5688703174794543
3078,-18947.425520000015
3079,-1.0147066459802365
3080,-0.6272758365293621
3081,3.8166244566181584
3082,-9783.962370000001
3083,0.05369011558843572
3084,486.1470299999993
3085,0.4942722720698456
3086,0.017282488965879375
3087,59.016292883819204
3088,0.48171075806400404
3089,-9226.586859999989
3090,-0.9984398808455055
3091,-0.7874992015892918
3092,0.15925458872642362
3093,0.41477139671877855
3094,-8681.267919999998
3095,-0.1415399302588913
3096,-5320.627779999996
3097,0.02431050824823341
3098,-691.8534799999989
3099,123.23898999999935
3100,0.800021733275414
3101,-9737.494720000006
3102,-11334.909079999996
3103,-0.20771212370548778
3104,-0.05542826013128918
3105,-18.512342507517243
3106,-10351.312160000001
3107,1.2838908577745443
3108,-0.45343162330926406
3109,-3207.8230600000043
3110,-1.4498351961838343
3111,-10379.991199999999
3112,0.14896956617860815
3113,-0.2883404868447624
3114,-0.29202509585707276
3115,0.4950416260904028
3116,-1.2174085204320486
3117,0.13457265559486406
3118,1178.4918300000024
3119,0.24739587760944523
3120,-1.0903783832397043
3121,-0.11147550167331283
3122,0.102111164335659
3123,-7812.0842600000005
3124,-0.411615574373314
3125,-16878.577169999997
3126,-0.17430255997934416
3127,-4422.329950000003
3128,-13563.436659999978
3129,-35251.82865000007
3130,-1425.61889
3131,-0.34104126918596944
3132,0.3863433545395063
3133,-6297.673189999997
3134,3.9265135461966865
3135,1.319155497566292
3136,-0.0768613726894707
3137,-5101.927169999995
3138,0.9553695230011796
3139,3.5121270397888984
3140,0.6718655083902472
3141,-0.6619986204314394
3142,-9204.02686
3143,0.6822516978804087
3144,-1.5241952205428728
3145,1.2018545995714256
3146,-506.9206957397346
3147,0.3413418592325652
3148,-0.5613872840623787
3149,-11803.428490000004
3150,-15682.79658
3151,0.308880177517006
3152,0.9395416442201393
3153,-4.800109999999979
3154,-0.40810284151120146
3155,-2.264863491545986
3156,-2200.0457399999946
3157,-13659.133859999993
3158,0.21634425099783985
3159,0.1232037703183379
3160,-1907.3972299999948
3161,-4.145239035109309
3162,0.11237734253726035
3163,17.447074479295367
3164,-0.35684233375644825
3165,0.6743997527852583
3166,-0.6470490136636202
3167,-1075.8338400000016
3168,1.5060689795757225
3169,-0.2003611331053779
3170,0.6377361206357486
3171,-0.2972603164577774
3172,-29572.3217218744
3173,-3458.5464100000017
3174,-4700.532570000005
3175,-0.6292157247756358
3176,-19952.455080000007
3177,0.4029457963121482
3178,0.45513033513872325
3179,0.592816355531921
3180,-0.4719462754030112
3181,-3155.776100000009
3182,1.6261261452976916
3183,-716.5587899999991
3184,0.17050086790022165
3185,-1.770986017759425
3186,-4689.894570000001
3187,-4.593398414162558
3188,13.624171210902812
3189,3.292057133108851
3190,-0.17604475463684985
3191,-4456.757729999989
3192,-2155.145460000003
3193,-607.0996700000012
3194,-0.3452385302689208
3195,1.0147387194865642
3196,0.002270775847488839
3197,1.1414508282780411
3198,-0.09851343295205896
3199,-0.5344599067343359
3200,0.27330378655242327
3201,0.22752398832108545
3202,-1.2706818286412813
3203,-6249.076670000007
3204,-15148.533000000023
3205,-6885.198620000003
3206,0.8337974925926388
3207,-8004.133189999981
3208,-18603.273479999985
3209,-18793.430859999993
3210,-1.3807919308707624
3211,-1.3936792878917297
3212,0.37111722657784746
3213,1.301793593123012
3214,-16979.63069999998
3215,-23158.167489999996
3216,-17602.132900000015
3217,-14229.286420000033
3218,-9572.608249999997
3219,-11941.774120000004
3220,-29428.38037000004
3221,-12799.024960000019
3222,-21013.36757
3223,-17725.792070000003
3224,-7119.3807200000065
3225,-27974.512073597634
3226,-6279.189480000008
3227,-1841.1797799999986
3228,-10807.102789999995
3229,-8812.769559999992
3230,-9298.871509999988
3231,-12379.432690000014
3232,-9621.092710000012
3233,-24590.458270000083
3234,-2390.2727800000007
3235,-2204.0967756955497
3236,-4588.05413
3237,-6386.265469999998
3238,2239.1765399999986
3239,-2115.315749999998
3240,-7385.043559999998
3241,-12778.228920000007
3242,-26851.46672000002
3243,-6948.565590000004
3244,-18613.981330000028
3245,384.1618500000006
3246,-5960.452810000009
3247,-8076.164709999986
3248,-7599.025710000002
3249,-18812.34681999999
3250,529.5427640345443
3251,-8956.621440000004
3252,2561.909896882907
3253,-7048.772839999998
3254,-1859.5751799999966
3255,-3852.1889699999915
3256,-2473.540859999995
3257,-16848.70852999998
3258,-4034.3596299999954
3259,-20770.48999999997
3260,-12405.011499999991
3261,-8365.14775999999
3262,-22146.869787040938
3263,-16701.74661000003
3264,-4835.455129999999
3265,-6447.657979999998
3266,-22756.523329999993
3267,-8039.754390000011
3268,-13317.718829999993
3269,-20483.618300000024
3270,-12353.759390000016
3271,-8963.94966
3272,-185.99144058125566
3273,-2058.8405700000053
3274,-818.5116900000006
3275,-16449.471159999997
3276,-3963.3467999999984
3277,-7623.289360000012
3278,-20596.909820000008
3279,-937.4818301085136
3280,-4197.366450000004
3281,-9901.535919999977
3282,-22485.457470000027
3283,-4179.896769999993
3284,-7318.654430000001
3285,1412.0950900000014
3286,-3375.388640000006
3287,-685.4337661142998
3288,-6137.908530000005
3289,-6237.801109999993
3290,-29978.087960000066
3291,-1118.54548
3292,-6716.431010000003
3293,-12666.329390000019
3294,-25937.98296000002
3295,-4951.857119999999
3296,-6048.592620000003
3297,-16728.910040000046
3298,-13469.490630000002
3299,1526.804969999995
3300,-738.2827847449278
3301,-17612.84011999997
3302,-1381.753360000002
3303,-9150.834150000019
3304,-6817.742800000012
3305,-10016.26594
3306,-4211.261799999989
3307,-4316.920439999995
3308,-28910.094520000046
3309,-14392.622670000012
3310,-1959.929019999997
3311,-5585.762960000004
3312,-8651.762060000012
3313,-15142.292270000016
3314,-7396.696559999999
3315,-3823.305779999997
3316,191.91114528115608
3317,-7211.02664999999
3318,-10284.092759999989
3319,-5049.027589999997
3320,-4575.463950000001
3321,-4797.621490000004
3322,-3117.3709199999976
3323,-13408.828690000024
3324,-12361.796169999996
3325,-9865.417520000014
3326,-6956.068629999998
3327,-17331.851140000013
3328,1283.4972400000004
3329,-4102.224090000005
3330,-29533.775780000044
3331,-28461.120660000033
3332,-18117.394389999998
3333,-7782.818550000001
3334,-8038.824050000004
3335,-2862.306400000002
3336,-7937.534169999997
3337,-8338.351740000004
3338,-13428.761210000004
3339,-27956.244969999952
3340,-27340.99738000003
3341,-13060.628589999993
3342,-7903.623109999989
3343,70.86208566618953
3344,-4735.638390000004
3345,-393.27460839292837
3346,-20964.362260000013
3347,-13754.274639999972
3348,-6262.979179999986
3349,-21526.895569999993
3350,-3853.0097400000027
3351,-10563.69395000001
3352,-5599.4839000000065
3353,-8120.83436
3354,-34257.541130000005
3355,-1644.208679999999
3356,-2817.1257999999984
3357,-2477.4945200000016
3358,-9734.415429999995
3359,-29525.44372000007
3360,-1581.5525700000014
3361,-29333.58590000006
3362,-10028.846189999995
3363,-1782.6422999999984
3364,-14349.146079999995
3365,-8793.067070000008
3366,-8774.420109999994
3367,-17139.99574000001
3368,-5198.8861
3369,-663.0281400000003
3370,-1406.0094200000028
3371,-3365.391170000005
3372,-15709.321979999995
3373,-1510.4428800000014
3374,-13701.290109999985
3375,-2371.304160000001
3376,-8294.693210000003
3377,-19816.79172000001
3378,-11933.175409999994
3379,-21037.08278
3380,-5449.175490000007
3381,-1601.8670399999992
3382,-3389.542350000002
3383,3133.634337124715
3384,-19017.074510000028
3385,-21140.438129999995
3386,-10897.082890000023
3387,-7906.0865299999805
3388,-20776.503940000017
3389,-19283.809289999987
3390,-6485.980870000009
3391,-33980.12846919218
3392,-11916.177139999949
3393,-3956.9811399999926
3394,-2559.528970000001
3395,-6880.67677
3396,-13225.922190000018
3397,-7857.511759999996
3398,-1424.9591699999985
3399,-26029.20073
3400,-19934.72755000001
3401,-18232.48390000002
3402,-8608.853050000012
3403,-17953.491479999997
3404,-4433.0064499999935
3405,1685.28802085041
3406,-14660.385470000003
3407,2347.1905762359565
3408,3446.140439999997
3409,-5871.400910000003
3410,-12773.359200000014
3411,-6550.004979999998
3412,-13145.694306750102
3413,-3418.6925099999917
3414,-14799.033759999993
3415,-774.0994390525959
3416,-4751.679620000004
3417,-13061.191500000023
3418,-23540.09886999998
3419,-8498.974109999976
3420,-5586.613810000008
3421,-9135.384299999992
3422,-17514.054050000035
3423,-20839.497330000002
3424,-13505.533170000002
3425,-5167.196950000002
3426,-18883.14093000001
3427,859.3536700000011
3428,-2518.6078199999993
3429,-1770.3025899999961
3430,-15443.732180000026
3431,-9321.219769999985
3432,-19044.125589999974
3433,-23947.12478999996
3434,-1424.9597100000024
3435,-12264.145610000043
3436,238.0591799999998
3437,-8251.305939999977
3438,-21732.612069999992
3439,-5354.349870000007
3440,-23833.618940000004
3441,-2877.9147262419774
3442,-8700.79638
3443,-1554.94474
3444,-15101.357510000013
3445,-9470.432159999998
3446,-4622.30800000001
3447,-6190.737619999995
3448,-5581.297320000004
3449,-4253.513880000007
3450,-22446.31680999997
3451,-20908.379820000006
3452,-10259.683180000009
3453,-7801.496599999995
3454,-1380.3330399999998
3455,-1661.6925999999996
3456,-26825.778490000004
3457,-12070.385979999994
3458,-4972.454574751619
3459,-20439.448660000016
3460,-2691.7081599999956
3461,-20291.38556999998
3462,-11771.000799999976
3463,-19978.113690000024
3464,41.51451354698564
3465,-11678.067450000026
3466,-7837.296809999993
3467,-6252.0582600000025
3468,-3202.774060000004
3469,-11775.571990000017
3470,-7911.9803699999875
3471,-1234.2927900000004
3472,-6512.321219999999
3473,-1090.923043100622
3474,-29798.04462000008
3475,-3222.444570000003
3476,-7163.742930000003
3477,-74.08630999999983
3478,-3517.988840000005
3479,-8200.114960000004
3480,1428.0682999999972
3481,-15586.051490000002
3482,-6057.656640000013
3483,-16742.93178999997
3484,-9027.560370000014
3485,-5184.576469999999
3486,-6234.56452
3487,-4343.219480000005
3488,-36515.523080000065
3489,-2412.4241800000054
3490,-6916.023169999997
3491,-13828.883819999975
3492,-13498.896959999998
3493,-12052.8335
3494,-17988.40299999998
3495,-13488.445919999987
3496,-6749.544690000009
3497,-7391.0007400000095
3498,-9738.501800000013
3499,-5167.448799999992
3500,-3772.6035900000043
3501,-15827.609510000017
3502,-3193.1695499999996
3503,-995.4226500000005
3504,23.041699999999786
3505,-6390.46553
3506,-14437.86562000002
3507,-6692.258619999983
3508,-8722.994689999992
3509,-6459.816425913078
3510,-8495.327829999973
3511,-9286.064700000006
3512,-6446.426040000003
3513,-6147.505669999996
3514,-9619.525899999997
3515,-2435.6658700000003
3516,-4908.244669999995
3517,-13626.32771999998
3518,-8729.102440000011
3519,-28736.376479999988
3520,-6476.33359000001
3521,-3474.9363400000084
3522,-10835.558479999994
3523,-15729.310340000002
3524,-6499.60201
3525,-12255.560749999995
3526,-19810.60855000003
3527,-29768.59719000002
3528,-9505.824850000008
3529,-22215.88446000003
3530,-14232.974590000005
3531,-14880.603340000003
3532,-26422.858170000083
3533,-3810.3424799999925
3534,-13733.487219999983
3535,-4290.232060000003
3536,-5481.538579999999
3537,-28265.340190000024
3538,-4126.668319999994
3539,-24290.944490000045
3540,-5764.380719999997
3541,-8097.771940000008
3542,-21135.402770000026
3543,-9716.41733
3544,-5278.300179999988
3545,-9550.152750000021
3546,-7716.50555
3547,-10397.659259999997
3548,-10885.44007999999
3549,-714.8727341149201
3550,-239.59457999999955
3551,-6094.233299999994
3552,-535.1105757666908
3553,-6103.442249999991
3554,-1911.7357299999983
3555,-5625.70304999999
3556,-4293.2302899999995
3557,-7170.215580000002
3558,-4750.508070000002
3559,-6639.6423399999985
3560,-29055.300580000032
3561,-13803.132509999989
3562,-30340.783190000046
3563,-19234.50349999998
3564,-27188.377830000016
3565,-5742.703079999999
3566,-3864.325210000003
3567,-6380.945380000011
3568,-28464.81969784334
3569,-4394.209720000002
3570,-20279.24405
3571,5018.608080000002
3572,-12423.463290000025
3573,-18913.650079999963
3574,-7917.73049000001
3575,-14408.16569000001
3576,-12704.680660000002
3577,-6660.708790000021
3578,-7935.058029999995
3579,-11409.930919999999
3580,-2968.188750000004
3581,-8581.331720000004
3582,123.55364442988784
3583,-8345.298269999994
3584,-23877.282980000015
3585,-13215.593279999996
3586,-24064.005480000036
3587,-17588.94823000001
3588,-28138.209009999966
3589,-8955.469940000012
3590,-12074.65522999998
3591,-6157.416629999999
3592,-5760.799659999996
3593,-1429.9713899999995
3594,-11014.070259999986
3595,2391.5355425919274
3596,-7273.487830000005
3597,434.2906603913179
3598,-4681.581960000001
3599,-13198.291100000002
3600,-21506.60212000002
3601,-8073.947149999987
3602,-22274.48474
3603,-3353.2691800000002
3604,-17900.07813999999
3605,-11378.26591999999
3606,-9043.361030000007
3607,-2637.709580000003
3608,-288.1356399999997
3609,-12978.51119000001
3610,-14323.100359999984
3611,-6433.727030000001
3612,-4706.405030000003
3613,-15289.57675999999
3614,-3722.8512399999963
3615,-833.7286900000005
3616,-33584.687719999994
3617,1571.5611499999957
3618,484.9303485717463
3619,-5588.382380000001
3620,-21797.09008000001
3621,-6261.852630000002
3622,-9229.96099000001
3623,-3131.0434600000012
3624,-19601.039550000012
3625,-955.4346100000012
3626,-8996.623160000012
3627,-7516.180579999991
3628,-3170.7353399999993
3629,-20940.080580000045
3630,-5304.795449999997
3631,-8178.636970000001
3632,-5351.280810000011
3633,-16222.79377999999
3634,-12971.70811000002
3635,-14098.923610000049
3636,-6686.841720000002
3637,-17790.981059999995
3638,-13948.279889999982
3639,-29849.257587513202
3640,-883.2428400000024
3641,-4705.961329999996
3642,-8685.132850000004
3643,-9475.587340000013
3644,-4161.528739999997
3645,-11671.10572
3646,-3090.363810000002
3647,-2518.001249999999
3648,-10029.524019999997
3649,-15051.716210000006
3650,-3901.5856100000005
3651,-10166.485399999992
3652,-15223.005690000004
3653,-5244.0279999999975
3654,-5544.8450999999895
3655,-22337.37442000004
3656,-13241.331620000006
3657,-398.48757453152865
3658,-20295.558430000026
3659,-19129.690069999997
3660,-7789.219829999992
3661,-2461.182859999996
3662,-17771.127480000003
3663,1094.9481300000002
3664,-13079.485699999994
3665,-14130.218470000013
3666,-5145.204770000008
3667,2542.280212292196
3668,-17509.565120482843
3669,-1886.2836199999967
3670,-2665.0521099999987
3671,-2169.8621299999995
3672,-7904.465840000005
3673,-7732.263879999994
3674,-16762.21227999999
3675,-13095.261909999996
3676,-347.3254951123296
3677,-14076.963269999986
3678,-3228.10321
3679,-11730.938260000006
3680,-17846.20493
3681,-18395.941169999984
3682,-19885.160489999984
3683,-25088.99780000002
3684,-8006.0879699999805
3685,-4697.016239999998
3686,-11694.249030000012
3687,-9859.749439999998
3688,-10744.220259999982
3689,-11602.544640000007
3690,-13080.84411999999
3691,-18336.85265999999
3692,-23124.3396
3693,-6514.912740000005
3694,-13836.433360000008
3695,-37072.423557041
3696,-26463.97760000001
3697,-8671.249660000005
3698,-2043.3897072959403
3699,-2071.904110000001
3700,-13528.806130000034
3701,-6285.651030000002
3702,-6991.6474000000135
3703,-17274.92536000001
3704,-6216.533920000002
3705,-12390.083700000003
3706,-13249.060889999997
3707,2844.661050000002
3708,-5515.466550000001
3709,-12662.769459999992
3710,956.3915699999999
3711,-23612.14920000002
3712,-7442.323570000009
3713,-17594.226280000014
3714,-22039.828550000024
3715,-19637.4777
3716,-4104.495859999995
3717,-15312.190660000002
3718,-7524.655189999986
3719,-13596.05033999999
3720,-5901.682869999988
3721,-7962.473399999999
3722,-9327.979209999983
3723,-7151.446209999992
3724,-7342.409169999986
3725,-9534.23605
3726,529.8773393234143
3727,-14527.943346962407
3728,-23035.08043999999
3729,-9488.747510000008
3730,-3355.6416900000063
3731,-6399.8200700000025
3732,-30193.667120000046
3733,-5103.407380000007
3734,-29820.769330000054
3735,-20765.65361000001
3736,-12285.18312999998
3737,-4182.072410000006
3738,-12682.478439999979
3739,-845.1235700000004
3740,1323.9178561801548
3741,-9863.008290000005
3742,-16417.050720000003
3743,-30035.40870999999
3744,-8752.162130000013
3745,-408.9946099999992
3746,-29776.75040999999
3747,-8831.155150000019
3748,-4013.4552699999904
3749,-6502.137829999993
3750,-12189.133059999996
3751,-13619.45840000001
3752,-4478.703389999995
3753,-11013.722460000005
3754,-7043.0076500000105
3755,-22384.325120000023
3756,-27388.249399999957
3757,-4605.834550000009
3758,-10891.855159999985
3759,-6692.859130000003
3760,-13646.565978387545
3761,-13964.544659999998
3762,-9196.09088
3763,-12528.606900000028
3764,-7096.247869999999
3765,-2957.500229999999
3766,-515.1189999999991
3767,-8663.767559999973
3768,-5076.783120000009
3769,-20488.824610000014
3770,-6066.58368000001
3771,-5757.954010000018
3772,-7783.111640000001
3773,-12778.793560000006
3774,-4248.98534
3775,-5145.192240000008
3776,-16910.17932000001
3777,-5169.300060000003
3778,-6957.955689999998
3779,-7204.770199999999
3780,-16207.448250000038
3781,-4618.642839999999
3782,-4473.09834000001
3783,-7630.748219999985
3784,-2181.1875600000026
3785,1336.4966399999967
3786,-10455.80187
3787,-11528.352439999988
3788,-3681.8195962419722
3789,-9364.71468999999
3790,-9941.69495000001
3791,-35251.42769000002
3792,-5069.196640000006
3793,-15001.625080000022
3794,-1481.4845700000021
3795,-2486.5000399999954
3796,-4125.733460000008
3797,-17091.427890000028
3798,-4358.725699999998
3799,-19018.09037
3800,-15259.372360000018
3801,-3317.5341100000055
3802,-15993.959950000042
3803,-12211.013309999998
3804,-14412.968599999991
3805,-29600.916590000008
3806,-4089.303300000007
3807,-1292.3383696516257
3808,-10999.577279999994
3809,-1381.3043100000014
3810,-30530.10578000002
3811,-5808.209370000004
3812,-3949.7522299999973
3813,-14257.34261000001
3814,-34522.9097093334
3815,83.50651000000008
3816,-8500.167500000007
3817,-3894.887830000002
3818,-6562.758589999995
